MovieID,m_idx,Title,Year,Genres,train_count,avg_rating
1,0,Toy Story,1995,Animation|Children's|Comedy,1643,4.152769324406574
2,1,Jumanji,1995,Adventure|Children's|Fantasy,570,3.2175438596491226
3,2,Grumpier Old Men,1995,Comedy|Romance,399,3.0
4,3,Waiting to Exhale,1995,Comedy|Drama,135,2.740740740740741
5,4,Father of the Bride Part II,1995,Comedy,253,3.015810276679842
6,5,Heat,1995,Action|Crime|Thriller,751,3.869507323568575
7,6,Sabrina,1995,Comedy|Romance,365,3.3753424657534246
8,7,Tom and Huck,1995,Adventure|Children's,54,3.074074074074074
9,8,Sudden Death,1995,Action,91,2.6263736263736264
10,9,GoldenEye,1995,Action|Adventure|Thriller,688,3.5218023255813953
11,10,The American President,1995,Comedy|Drama|Romance,811,3.7965474722564734
12,11,Dracula: Dead and Loving It,1995,Comedy|Horror,117,2.3504273504273505
13,12,Balto,1995,Animation|Children's,75,3.3066666666666666
14,13,Nixon,1995,Drama,126,3.515873015873016
15,14,Cutthroat Island,1995,Action|Adventure|Romance,116,2.4310344827586206
16,15,Casino,1995,Drama|Thriller,546,3.793040293040293
17,16,Sense and Sensibility,1995,Drama|Romance,654,4.04434250764526
18,17,Four Rooms,1995,Thriller,126,3.3015873015873014
19,18,Ace Ventura: When Nature Calls,1995,Comedy,307,2.472312703583062
20,19,Money Train,1995,Action,131,2.5267175572519083
21,20,Get Shorty,1995,Action|Comedy|Drama,1095,3.6447488584474885
22,21,Copycat,1995,Crime|Drama|Thriller,315,3.380952380952381
23,22,Assassins,1995,Thriller,92,2.847826086956522
24,23,Powder,1995,Drama|Sci-Fi,495,3.175757575757576
25,24,Leaving Las Vegas,1995,Drama|Romance,793,3.6443883984867593
26,25,Othello,1995,Drama,74,3.5405405405405403
27,26,Now and Then,1995,Drama,51,2.980392156862745
28,27,Persuasion,1995,Romance,145,4.027586206896552
29,28,The City of Lost Children,1995,Adventure|Sci-Fi,325,4.055384615384615
30,29,Shanghai Triad,1995,Drama,58,3.586206896551724
31,30,Dangerous Minds,1995,Drama,110,3.109090909090909
32,31,Twelve Monkeys,1995,Drama|Sci-Fi,1202,3.9417637271214643
33,32,Wings of Courage,1995,Adventure|Romance,3,3.0
34,33,Babe,1995,Children's|Comedy|Drama,1391,3.9000718907260965
35,34,Carrington,1995,Drama|Romance,57,3.280701754385965
36,35,Dead Man Walking,1995,Drama,740,3.968918918918919
37,36,Across the Sea of Time,1995,Documentary,6,3.5
38,37,It Takes Two,1995,Comedy,23,2.652173913043478
39,38,Clueless,1995,Comedy|Romance,1075,3.6316279069767443
40,39,"Cry, the Beloved Country",1995,Drama,24,4.0
41,40,Richard III,1995,Drama|War,200,3.96
42,41,Dead Presidents,1995,Action|Crime|Drama,167,2.844311377245509
43,42,Restoration,1995,Drama,136,3.4411764705882355
44,43,Mortal Kombat,1995,Action|Adventure,250,2.776
45,44,To Die For,1995,Comedy|Drama,452,3.435840707964602
46,45,How to Make an American Quilt,1995,Drama|Romance,135,3.066666666666667
47,46,Seven,1995,Crime|Thriller,906,4.084988962472406
48,47,Pocahontas,1995,Animation|Children's|Musical|Romance,300,3.006666666666667
49,48,When Night Is Falling,1995,Drama|Romance,23,3.869565217391304
50,49,The Usual Suspects,1995,Crime|Thriller,1421,4.519352568613653
51,50,Guardian Angel,1994,Action|Drama|Thriller,0,
52,51,Mighty Aphrodite,1995,Comedy,356,3.651685393258427
53,52,Lamerica,1994,Drama,7,4.857142857142857
54,53,The Big Green,1995,Children's|Comedy,35,2.4857142857142858
55,54,Georgia,1995,Drama,35,3.1142857142857143
56,55,Kids of the Round Table,1995,Adventure|Children's|Fantasy,5,2.0
57,56,Home for the Holidays,1995,Drama,86,3.441860465116279
58,57,"Postino, Il",1994,Drama|Romance,414,4.099033816425121
59,58,The Confessional,1995,Drama|Mystery,5,2.8
60,59,The Indian in the Cupboard,1995,Adventure|Children's|Fantasy,290,3.2
61,60,Eye for an Eye,1996,Drama|Thriller,49,3.0816326530612246
62,61,Mr. Holland's Opus,1995,Drama,425,3.675294117647059
63,62,Don't Be a Menace to South Central While Drinking Your Juice in the Hood,1996,Comedy,93,2.89247311827957
64,63,Two if by Sea,1996,Comedy|Romance,61,2.2295081967213113
65,64,Bio-Dome,1996,Comedy,122,2.0491803278688523
66,65,Lawnmower Man 2: Beyond Cyberspace,1996,Sci-Fi|Thriller,78,1.5897435897435896
67,66,Two Bits,1995,Drama,4,3.25
68,67,French Twist,1995,Comedy|Romance,47,3.5106382978723403
69,68,Friday,1995,Comedy,260,3.65
70,69,From Dusk Till Dawn,1996,Action|Comedy|Crime|Horror|Thriller,735,3.1714285714285713
71,70,Fair Game,1995,Action,72,2.0972222222222223
72,71,Kicking and Screaming,1995,Comedy|Drama,74,3.7432432432432434
73,72,"Misérables, Les",1995,Drama|Musical,178,3.8146067415730336
74,73,Bed of Roses,1996,Drama|Romance,92,2.989130434782609
75,74,Big Bully,1996,Comedy|Drama,10,1.7
76,75,Screamers,1995,Sci-Fi|Thriller,138,2.9420289855072466
77,76,Nico Icon,1995,Documentary,27,3.6666666666666665
78,77,The Crossing Guard,1995,Drama,40,3.3
79,78,The Juror,1996,Drama|Thriller,89,2.6292134831460676
80,79,The White Balloon,1995,Drama,42,3.7142857142857144
81,80,Things to Do in Denver when You're Dead,1995,Crime|Drama|Romance,136,3.139705882352941
82,81,Antonia's Line,1995,Drama,69,3.8840579710144927
83,82,Once Upon a Time... When We Were Colored,1995,Drama,27,3.5925925925925926
84,83,Last Summer in the Hamptons,1995,Comedy|Drama,16,3.125
85,84,Angels and Insects,1995,Drama|Romance,162,3.4012345679012346
86,85,White Squall,1996,Adventure|Drama,194,3.422680412371134
87,86,Dunston Checks In,1996,Children's|Comedy,56,2.392857142857143
88,87,Black Sheep,1996,Comedy,160,2.91875
89,88,Nick of Time,1995,Action|Thriller,180,3.0722222222222224
90,89,The Journey of August King,1995,Drama,4,3.75
92,90,Mary Reilly,1996,Drama|Thriller,68,2.338235294117647
93,91,Vampire in Brooklyn,1995,Comedy|Romance,68,2.235294117647059
94,92,Beautiful Girls,1996,Drama,138,3.6594202898550723
95,93,Broken Arrow,1996,Action|Thriller,516,2.9011627906976742
96,94,In the Bleak Midwinter,1995,Comedy,10,3.8
97,95,Hate,1995,Drama,38,3.8947368421052633
98,96,Shopping,1994,Action|Thriller,5,2.0
99,97,Heidi Fleiss: Hollywood Madam,1995,Documentary,44,3.522727272727273
100,98,City Hall,1996,Drama|Thriller,103,3.0097087378640777
101,99,Bottle Rocket,1996,Comedy,216,3.824074074074074
102,100,Mr. Wrong,1996,Comedy,43,1.813953488372093
103,101,Unforgettable,1996,Thriller,21,3.142857142857143
104,102,Happy Gilmore,1996,Comedy,553,3.566003616636528
105,103,The Bridges of Madison County,1995,Drama|Romance,321,3.2710280373831777
106,104,Nobody Loves Me,1994,Comedy|Drama,10,3.5
107,105,Muppet Treasure Island,1996,Adventure|Children's|Comedy|Musical,205,3.1902439024390246
108,106,Catwalk,1995,Documentary,7,2.857142857142857
109,107,Headless Body in Topless Bar,1995,Comedy,0,
110,108,Braveheart,1995,Action|Drama|War,1932,4.2308488612836435
111,109,Taxi Driver,1976,Drama|Thriller,995,4.18894472361809
112,110,Rumble in the Bronx,1995,Action|Adventure|Crime,455,3.463736263736264
113,111,Before and After,1996,Drama|Mystery,42,2.880952380952381
114,112,Margaret's Museum,1995,Drama,9,3.2222222222222223
115,113,Happiness Is in the Field,1995,Comedy,0,
116,114,Anne Frank Remembered,1995,Documentary,30,4.033333333333333
117,115,The Young Poisoner's Handbook,1995,Crime,66,3.6515151515151514
118,116,If Lucy Fell,1996,Comedy|Romance,53,3.0943396226415096
119,117,"Steal Big, Steal Little",1995,Comedy,11,2.3636363636363638
120,118,Race the Sun,1996,Drama,2,2.5
121,119,The Boys of St. Vincent,1993,Drama,30,4.066666666666666
122,120,Boomerang,1992,Comedy|Romance,164,2.768292682926829
123,121,Chungking Express,1994,Drama|Mystery|Romance,95,3.8526315789473684
124,122,The Star Maker,1995,Drama,13,3.230769230769231
125,123,Flirting With Disaster,1996,Comedy,252,3.8412698412698414
126,124,The NeverEnding Story III,1994,Adventure|Children's|Fantasy,79,1.9620253164556962
127,125,The Silence of the Palace,1994,Drama,1,1.0
128,126,Jupiter's Wife,1994,Documentary,11,4.2727272727272725
129,127,Pie in the Sky,1995,Comedy|Romance,13,3.3076923076923075
130,128,Angela,1995,Drama,1,3.0
131,129,Frankie Starlight,1995,Drama|Romance,10,2.9
132,130,Jade,1995,Thriller,75,2.533333333333333
133,131,Nueba Yol,1995,Comedy|Drama,1,1.0
134,132,Sonic Outlaws,1995,Documentary,1,4.0
135,133,Down Periscope,1996,Comedy,106,2.80188679245283
136,134,From the Journals of Jean Seberg,1995,Documentary,8,3.25
137,135,Man of the Year,1995,Documentary,10,2.7
138,136,The Neon Bible,1995,Drama,1,4.0
139,137,Target,1995,Action|Drama,1,4.0
140,138,Up Close and Personal,1996,Drama|Romance,126,3.1904761904761907
141,139,The Birdcage,1996,Comedy,554,3.5433212996389893
142,140,Shadows,1988,Drama,1,1.0
143,141,Gospa,1995,Drama,0,
144,142,The Brothers McMullen,1995,Comedy,351,3.421652421652422
145,143,Bad Boys,1995,Action,284,3.2746478873239435
146,144,The Amazing Panda Adventure,1995,Adventure|Children's,16,2.9375
147,145,The Basketball Diaries,1995,Drama,142,3.556338028169014
148,146,An Awfully Big Adventure,1995,Drama,22,2.727272727272727
149,147,Amateur,1994,Crime|Drama|Thriller,39,3.7948717948717947
150,148,Apollo 13,1995,Drama,999,4.076076076076076
151,149,Rob Roy,1995,Drama|Romance|War,436,3.5711009174311927
152,150,The Addiction,1995,Horror,53,3.0377358490566038
153,151,Batman Forever,1995,Action|Adventure|Comedy|Crime,617,2.6564019448946516
154,152,Belle de jour,1967,Drama,145,3.7724137931034485
155,153,Beyond Rangoon,1995,Drama|War,68,3.4411764705882355
156,154,Blue in the Face,1995,Comedy,57,3.56140350877193
157,155,Canadian Bacon,1994,Comedy|War,149,2.7114093959731544
158,156,Casper,1995,Adventure|Children's,216,3.0046296296296298
159,157,Clockers,1995,Drama,97,3.350515463917526
160,158,Congo,1995,Action|Adventure|Mystery|Sci-Fi,454,2.2312775330396475
161,159,Crimson Tide,1995,Drama|Thriller|War,606,3.7293729372937294
162,160,Crumb,1994,Documentary,399,4.035087719298246
163,161,Desperado,1995,Action|Romance|Thriller,437,3.462242562929062
164,162,Devil in a Blue Dress,1995,Crime|Film-Noir|Mystery|Thriller,298,3.5503355704697985
165,163,Die Hard: With a Vengeance,1995,Action|Thriller,681,3.538913362701909
166,164,The Doom Generation,1995,Comedy|Drama,50,2.48
167,165,Feast of July,1995,Drama,5,3.6
168,166,First Knight,1995,Action|Adventure|Drama|Romance,298,2.9194630872483223
169,167,Free Willy 2: The Adventure Home,1995,Adventure|Children's|Drama,89,1.9887640449438202
170,168,Hackers,1995,Action|Crime|Thriller,257,3.167315175097276
171,169,Jeffrey,1995,Comedy,76,3.6447368421052633
172,170,Johnny Mnemonic,1995,Action|Sci-Fi|Thriller,390,2.5743589743589745
173,171,Judge Dredd,1995,Action|Adventure|Sci-Fi,469,2.2942430703624734
174,172,Jury Duty,1995,Comedy,66,2.3333333333333335
175,173,Kids,1995,Drama,182,3.489010989010989
176,174,Living in Oblivion,1995,Comedy,161,3.8819875776397517
177,175,Lord of Illusions,1995,Horror,108,2.7685185185185186
178,176,Love & Human Remains,1993,Comedy,14,3.5
179,177,Mad Love,1995,Drama|Romance,42,2.261904761904762
180,178,Mallrats,1995,Comedy,371,3.5849056603773586
181,179,Mighty Morphin Power Rangers: The Movie,1995,Action|Children's,68,1.6323529411764706
182,180,Moonlight and Valentino,1995,Drama|Romance,41,3.073170731707317
183,181,Mute Witness,1994,Thriller,26,3.576923076923077
184,182,Nadja,1994,Drama,18,3.2777777777777777
185,183,The Net,1995,Sci-Fi|Thriller,456,2.8728070175438596
186,184,Nine Months,1995,Comedy,171,2.7719298245614037
187,185,Party Girl,1995,Comedy,90,3.2777777777777777
188,186,The Prophecy,1995,Horror,154,3.1818181818181817
189,187,Reckless,1995,Comedy,9,3.5555555555555554
190,188,Safe,1995,Thriller,80,3.6875
191,189,The Scarlet Letter,1995,Drama,56,2.4285714285714284
192,190,The Show,1995,Documentary,2,3.0
193,191,Showgirls,1995,Drama,172,2.046511627906977
194,192,Smoke,1995,Drama,176,3.778409090909091
195,193,Something to Talk About,1995,Comedy|Drama|Romance,132,2.8636363636363638
196,194,Species,1995,Horror|Sci-Fi,449,2.8307349665924275
197,195,The Stars Fell on Henrietta,1995,Drama,11,3.1818181818181817
198,196,Strange Days,1995,Action|Crime|Sci-Fi,494,3.2712550607287447
199,197,The Umbrellas of Cherbourg,1964,Drama|Musical,93,3.78494623655914
200,198,The Tie That Binds,1995,Thriller,11,2.3636363636363638
201,199,Three Wishes,1995,Drama,26,2.6153846153846154
202,200,Total Eclipse,1995,Drama|Romance,26,2.5384615384615383
203,201,"To Wong Foo, Thanks for Everything! Julie Newmar",1995,Comedy,156,3.019230769230769
204,202,Under Siege 2: Dark Territory,1995,Action,168,2.9345238095238093
205,203,Unstrung Heroes,1995,Comedy|Drama,69,3.6666666666666665
206,204,Unzipped,1995,Documentary,58,3.706896551724138
207,205,A Walk in the Clouds,1995,Drama|Romance,167,3.1017964071856285
208,206,Waterworld,1995,Action|Adventure,522,2.6149425287356323
209,207,White Man's Burden,1995,Drama,45,2.4444444444444446
210,208,Wild Bill,1995,Western,32,3.125
211,209,The Browning Version,1994,Drama,28,3.4642857142857144
212,210,Bushwhacked,1995,Comedy,10,1.8
213,211,Burnt By the Sun,1994,Drama,98,4.091836734693878
214,212,Before the Rain,1994,Drama,25,4.32
215,213,Before Sunrise,1995,Drama|Romance,128,3.796875
216,214,Billy Madison,1995,Comedy,273,3.142857142857143
217,215,The Babysitter,1995,Drama|Thriller,51,2.549019607843137
218,216,Boys on the Side,1995,Comedy|Drama,156,3.16025641025641
219,217,The Cure,1995,Drama,18,3.0
220,218,Castle Freak,1995,Horror,22,1.8636363636363635
222,219,Circle of Friends,1995,Drama|Romance,258,3.511627906976744
223,220,Clerks,1994,Comedy,1112,3.9514388489208634
224,221,Don Juan DeMarco,1995,Comedy|Drama|Romance,299,3.3612040133779266
225,222,Disclosure,1994,Drama|Thriller,192,3.1145833333333335
226,223,Dream Man,1995,Thriller,1,2.0
227,224,Drop Zone,1994,Action,105,2.638095238095238
228,225,Destiny Turns on the Radio,1995,Comedy,11,2.1818181818181817
229,226,Death and the Maiden,1994,Drama|Thriller,86,3.383720930232558
230,227,Dolores Claiborne,1994,Drama|Thriller,288,3.486111111111111
231,228,Dumb & Dumber,1994,Comedy,522,3.243295019157088
232,229,Eat Drink Man Woman,1994,Comedy|Drama,260,4.096153846153846
233,230,Exotica,1994,Drama,188,3.5585106382978724
234,231,Exit to Eden,1994,Comedy,114,2.263157894736842
235,232,Ed Wood,1994,Comedy|Drama,734,3.6948228882833787
236,233,French Kiss,1995,Comedy|Romance,263,3.3041825095057034
237,234,Forget Paris,1995,Comedy|Romance,215,2.9488372093023254
238,235,Far From Home: The Adventures of Yellow Dog,1995,Adventure|Children's,25,2.76
239,236,A Goofy Movie,1995,Animation|Children's|Comedy|Romance,133,2.8721804511278197
240,237,Hideaway,1995,Thriller,34,2.764705882352941
241,238,Fluke,1995,Children's|Drama,24,3.3333333333333335
242,239,Farinelli: il castrato,1994,Drama|Musical,72,3.5694444444444446
243,240,Gordy,1995,Comedy,9,2.2222222222222223
244,241,Gumby: The Movie,1995,Animation|Children's,8,1.875
245,242,The Glass Shield,1994,Crime|Drama,11,3.0
246,243,Hoop Dreams,1994,Documentary,567,4.167548500881834
247,244,Heavenly Creatures,1994,Drama|Fantasy|Romance|Thriller,375,3.824
248,245,Houseguest,1994,Comedy,112,2.9017857142857144
249,246,Immortal Beloved,1994,Drama|Romance,212,3.6792452830188678
250,247,Heavyweights,1994,Children's|Comedy,25,2.44
251,248,The Hunted,1995,Action,14,3.0714285714285716
252,249,I.Q.,1994,Comedy|Romance,294,3.2346938775510203
253,250,Interview with the Vampire,1994,Drama|Horror,593,3.4957841483979766
254,251,Jefferson in Paris,1995,Drama,34,3.0588235294117645
255,252,The Jerky Boys,1994,Comedy,47,2.0638297872340425
256,253,Junior,1994,Comedy|Sci-Fi,177,2.621468926553672
257,254,Just Cause,1995,Mystery|Thriller,96,3.3333333333333335
258,255,A Kid in King Arthur's Court,1995,Adventure|Children's|Comedy|Fantasy|Romance,107,2.4299065420560746
259,256,Kiss of Death,1995,Crime|Drama|Thriller,83,2.783132530120482
260,257,Star Wars: Episode IV - A New Hope,1977,Action|Adventure|Fantasy|Sci-Fi,2397,4.4614100959532745
261,258,Little Women,1994,Drama,235,3.6425531914893616
262,259,A Little Princess,1995,Children's|Drama,141,3.858156028368794
263,260,Ladybird Ladybird,1994,Drama,25,3.8
264,261,"Enfer, L'",1994,Drama,4,3.0
265,262,Like Water for Chocolate,1992,Drama|Romance,625,3.9552
266,263,Legends of the Fall,1994,Drama|Romance|War|Western,559,3.402504472271914
267,264,Major Payne,1994,Comedy,105,2.6857142857142855
268,265,Little Odessa,1994,Drama,43,3.3488372093023258
269,266,My Crazy Life,1993,Drama,51,3.5098039215686274
270,267,Love Affair,1994,Drama|Romance,64,3.0625
271,268,Losing Isaiah,1995,Drama,50,3.18
272,269,The Madness of King George,1994,Drama,299,3.722408026755853
273,270,Mary Shelley's Frankenstein,1994,Drama|Horror,183,2.939890710382514
274,271,Man of the House,1995,Comedy,20,2.5
275,272,Mixed Nuts,1994,Comedy,67,2.4925373134328357
276,273,Milk Money,1994,Comedy|Romance,188,2.7074468085106385
277,274,Miracle on 34th Street,1994,Drama,137,3.204379562043796
278,275,Miami Rhapsody,1995,Comedy,28,2.607142857142857
279,276,My Family,1995,Drama,39,3.769230769230769
280,277,Murder in the First,1995,Drama|Thriller,175,3.56
281,278,Nobody's Fool,1994,Drama,179,3.636871508379888
282,279,Nell,1994,Drama,161,3.2919254658385095
283,280,New Jersey Drive,1995,Crime|Drama,14,2.857142857142857
284,281,New York Cop,1996,Action|Crime,0,
285,282,Beyond Bedlam,1993,Drama|Horror,0,
286,283,Nemesis 2: Nebula,1995,Action|Sci-Fi|Thriller,0,
287,284,Nina Takes a Lover,1994,Comedy|Romance,14,2.857142857142857
288,285,Natural Born Killers,1994,Action|Thriller,558,3.129032258064516
289,286,Only You,1994,Comedy|Romance,131,3.381679389312977
290,287,Once Were Warriors,1994,Crime|Drama,136,3.9411764705882355
291,288,Poison Ivy II,1995,Thriller,37,2.108108108108108
292,289,Outbreak,1995,Action|Drama|Thriller,609,3.2528735632183907
293,290,The Professional,1994,Crime|Drama|Romance|Thriller,746,4.109919571045577
294,291,The Perez Family,1995,Comedy|Romance,31,3.096774193548387
295,292,A Pyromaniac's Love Story,1995,Comedy|Romance,25,2.64
296,293,Pulp Fiction,1994,Crime|Drama,1736,4.260944700460829
297,294,Panther,1995,Drama,24,3.0833333333333335
298,295,Pushing Hands,1992,Comedy,19,4.0
299,296,Priest,1994,Drama,110,3.6272727272727274
300,297,Quiz Show,1994,Drama,568,3.7482394366197185
301,298,Picture Bride,1995,Drama|Romance,34,3.323529411764706
302,299,Queen Margot,1994,Drama|Romance,67,3.8656716417910446
303,300,The Quick and the Dead,1995,Action|Adventure|Western,335,2.9402985074626864
304,301,Roommates,1995,Comedy|Drama,27,3.1481481481481484
305,302,Ready to Wear,1994,Comedy,102,2.4705882352941178
306,303,Three Colors: Red,1994,Drama,268,4.208955223880597
307,304,Three Colors: Blue,1993,Drama,200,4.09
308,305,Three Colors: White,1994,Drama,156,3.9743589743589745
309,306,"Red Firecracker, Green Firecracker",1994,Drama,36,3.6666666666666665
310,307,Rent-a-Kid,1995,Comedy,4,2.25
311,308,Relative Fear,1994,Horror|Thriller,1,3.0
312,309,Stuart Saves His Family,1995,Comedy,92,2.467391304347826
313,310,The Swan Princess,1994,Animation|Children's,44,2.9318181818181817
314,311,The Secret of Roan Inish,1994,Drama,250,3.828
315,312,The Specialist,1994,Action,122,2.598360655737705
316,313,Stargate,1994,Action|Adventure|Sci-Fi,890,3.4775280898876404
317,314,The Santa Clause,1994,Children's|Comedy|Fantasy,511,3.1800391389432487
318,315,The Shawshank Redemption,1994,Drama,1788,4.546979865771812
319,316,Shallow Grave,1994,Thriller,207,3.888888888888889
320,317,Suture,1993,Film-Noir|Thriller,28,3.4285714285714284
321,318,Strawberry and Chocolate,1993,Drama,50,3.8
322,319,Swimming with Sharks,1995,Comedy|Drama,170,3.723529411764706
324,320,The Sum of Us,1994,Comedy,27,4.037037037037037
325,321,National Lampoon's Senior Trip,1995,Comedy,37,2.4324324324324325
326,322,To Live,1994,Drama,48,4.270833333333333
327,323,Tank Girl,1995,Action|Comedy|Musical|Sci-Fi,279,2.6774193548387095
328,324,Tales From the Crypt Presents: Demon Knight,1995,Horror,119,3.100840336134454
329,325,Star Trek: Generations,1994,Action|Adventure|Sci-Fi,773,3.367399741267788
330,326,Tales from the Hood,1995,Comedy|Horror,113,2.734513274336283
331,327,Tom & Viv,1994,Drama,17,3.235294117647059
332,328,Village of the Damned,1995,Horror|Sci-Fi,123,2.5365853658536586
333,329,Tommy Boy,1995,Comedy,329,3.486322188449848
334,330,Vanya on 42nd Street,1994,Drama,93,3.935483870967742
335,331,The Underneath,1995,Mystery|Thriller,35,3.4857142857142858
336,332,The Walking Dead,1995,Drama|War,16,2.625
337,333,What's Eating Gilbert Grape,1993,Drama,547,3.837294332723949
338,334,Virtuosity,1995,Sci-Fi|Thriller,182,2.89010989010989
339,335,While You Were Sleeping,1995,Comedy|Romance,546,3.4926739926739927
340,336,The War,1994,Adventure|Drama,68,3.25
341,337,Double Happiness,1994,Drama,29,3.7586206896551726
342,338,Muriel's Wedding,1994,Comedy|Romance,425,3.6823529411764704
343,339,The Baby-Sitters Club,1995,Children's,35,2.3142857142857145
344,340,Ace Ventura: Pet Detective,1994,Comedy,612,3.1666666666666665
345,341,"The Adventures of Priscilla, Queen of the Desert",1994,Comedy|Drama,377,3.8143236074270557
346,342,Backbeat,1993,Drama|Musical,101,3.5544554455445545
347,343,Bitter Moon,1992,Drama,40,3.3
348,344,Bullets Over Broadway,1994,Comedy,356,3.693820224719101
349,345,Clear and Present Danger,1994,Action|Adventure|Thriller,852,3.711267605633803
350,346,The Client,1994,Drama|Mystery|Thriller,400,3.4125
351,347,"Corrina, Corrina",1994,Comedy|Drama|Romance,203,3.3251231527093594
352,348,Crooklyn,1994,Comedy,99,3.090909090909091
353,349,The Crow,1994,Action|Romance|Thriller,589,3.441426146010187
354,350,Cobb,1994,Drama,51,3.215686274509804
355,351,The Flintstones,1994,Children's|Comedy,212,2.311320754716981
356,352,Forrest Gump,1994,Comedy|Romance|War,1748,4.081235697940503
357,353,Four Weddings and a Funeral,1994,Comedy|Romance,958,3.7526096033402925
358,354,Higher Learning,1995,Drama,115,3.2
359,355,I Like It Like That,1994,Comedy|Drama|Romance,13,3.076923076923077
360,356,I Love Trouble,1994,Action|Comedy,109,2.532110091743119
361,357,It Could Happen to You,1994,Drama|Romance,209,3.3923444976076556
362,358,The Jungle Book,1994,Adventure|Children's|Romance,184,3.385869565217391
363,359,"The Wonderful, Horrible Life of Leni Riefenstahl",1993,Documentary,53,4.245283018867925
364,360,The Lion King,1994,Animation|Children's|Musical,883,3.873159682899207
365,361,Little Buddha,1993,Drama,59,3.169491525423729
366,362,Wes Craven's New Nightmare,1994,Horror,205,2.8048780487804876
367,363,The Mask,1994,Comedy|Crime|Fantasy,952,3.292016806722689
368,364,Maverick,1994,Action|Comedy|Western,664,3.533132530120482
369,365,Mrs. Parker and the Vicious Circle,1994,Drama,43,3.395348837209302
370,366,Naked Gun 33 1/3: The Final Insult,1994,Comedy,346,2.893063583815029
371,367,The Paper,1994,Comedy|Drama,156,3.1153846153846154
372,368,Reality Bites,1994,Comedy|Drama,341,3.1759530791788855
373,369,Red Rock West,1992,Thriller,205,3.84390243902439
374,370,Richie Rich,1994,Children's|Comedy,150,2.1066666666666665
375,371,Safe Passage,1994,Drama,10,3.3
376,372,The River Wild,1994,Action|Thriller,263,3.288973384030418
377,373,Speed,1994,Action|Romance|Thriller,1314,3.5662100456621006
378,374,Speechless,1994,Comedy|Romance,113,2.831858407079646
379,375,Timecop,1994,Action|Sci-Fi,336,2.863095238095238
380,376,True Lies,1994,Action|Adventure|Comedy|Romance,1107,3.6350496838301716
381,377,When a Man Loves a Woman,1994,Drama,163,3.245398773006135
382,378,Wolf,1994,Drama|Horror,219,2.8858447488584473
383,379,Wyatt Earp,1994,Western,212,3.2783018867924527
384,380,Bad Company,1995,Action,37,2.918918918918919
385,381,A Man of No Importance,1994,Drama,8,3.25
386,382,S.F.W.,1994,Drama,23,2.4782608695652173
387,383,A Low Down Dirty Shame,1994,Action|Comedy,83,2.710843373493976
388,384,Boys Life,1995,Drama,77,3.5844155844155843
389,385,"Colonel Chabert, Le",1994,Drama|Romance|War,18,3.6666666666666665
390,386,Faster Pussycat! Kill! Kill!,1965,Action|Comedy|Drama,49,3.5918367346938775
391,387,Jason's Lyric,1994,Crime|Drama,36,3.25
392,388,The Secret Adventures of Tom Thumb,1993,Adventure|Children's,15,2.8
393,389,Street Fighter,1994,Action,86,1.8837209302325582
394,390,Coldblooded,1995,Action,16,3.8125
395,391,Desert Winds,1995,Drama,0,
396,392,Fall Time,1995,Drama,1,4.0
397,393,The Fear,1995,Horror,10,2.3
398,394,Frank and Ollie,1995,Documentary,1,4.0
399,395,Girl in the Cadillac,1995,Drama,0,
400,396,Homage,1995,Drama,0,
401,397,Mirage,1995,Action|Thriller,2,3.0
402,398,Open Season,1996,Comedy,1,3.0
403,399,Two Crimes,1995,Comedy|Crime|Drama,0,
404,400,Brother Minister: The Assassination of Malcolm X,1994,Documentary,3,3.3333333333333335
405,401,Highlander III: The Sorcerer,1994,Action|Sci-Fi,166,2.174698795180723
406,402,Federal Hill,1994,Drama,8,3.625
407,403,In the Mouth of Madness,1995,Horror|Thriller,159,2.89937106918239
408,404,8 Seconds,1994,Drama,56,3.3214285714285716
409,405,Above the Rim,1994,Drama,37,3.081081081081081
410,406,Addams Family Values,1993,Comedy,362,2.9392265193370166
411,407,You So Crazy,1994,Comedy,11,2.5454545454545454
412,408,The Age of Innocence,1993,Drama,232,3.586206896551724
413,409,Airheads,1994,Comedy,201,2.527363184079602
414,410,The Air Up There,1994,Comedy,65,2.6153846153846154
415,411,Another Stakeout,1993,Comedy|Thriller,135,2.511111111111111
416,412,Bad Girls,1994,Western,71,2.464788732394366
417,413,Barcelona,1994,Comedy|Romance,165,3.4484848484848483
418,414,Being Human,1993,Drama,27,2.5185185185185186
419,415,The Beverly Hillbillies,1993,Comedy,125,2.192
420,416,Beverly Hills Cop III,1994,Action|Comedy,285,2.5403508771929824
421,417,Black Beauty,1994,Adventure|Children's,80,3.4
422,418,Blink,1994,Thriller,48,3.0833333333333335
423,419,Blown Away,1994,Action|Thriller,175,3.125714285714286
424,420,Blue Chips,1994,Drama,60,2.55
425,421,Blue Sky,1994,Drama|Romance,79,3.5822784810126582
426,422,Body Snatchers,1993,Horror|Sci-Fi|Thriller,205,3.0926829268292684
427,423,Boxing Helena,1993,Mystery|Romance|Thriller,127,2.354330708661417
428,424,A Bronx Tale,1993,Drama,209,3.9330143540669855
429,425,Cabin Boy,1994,Comedy,151,2.3178807947019866
430,426,Calendar Girl,1993,Drama,17,2.2941176470588234
431,427,Carlito's Way,1993,Crime|Drama,300,3.723333333333333
432,428,City Slickers II: The Legend of Curly's Gold,1994,Comedy|Western,303,2.567656765676568
433,429,Clean Slate,1994,Comedy,41,2.8292682926829267
434,430,Cliffhanger,1993,Action|Adventure|Crime,533,3.082551594746717
435,431,Coneheads,1993,Comedy|Sci-Fi,426,2.619718309859155
436,432,Color of Night,1994,Drama|Thriller,116,2.6551724137931036
437,433,Cops and Robbersons,1994,Comedy,52,2.076923076923077
438,434,The Cowboy Way,1994,Action|Comedy,118,2.6016949152542375
439,435,Dangerous Game,1993,Drama,2,4.5
440,436,Dave,1993,Comedy|Romance,774,3.8126614987080103
441,437,Dazed and Confused,1993,Comedy,499,3.721442885771543
442,438,Demolition Man,1993,Action|Sci-Fi,521,3.0115163147792705
443,439,The Endless Summer 2,1994,Documentary,26,3.423076923076923
444,440,Even Cowgirls Get the Blues,1993,Comedy|Romance,63,2.2222222222222223
445,441,Fatal Instinct,1993,Comedy,82,2.597560975609756
446,442,Farewell My Concubine,1993,Drama|Romance,198,4.146464646464646
447,443,The Favor,1994,Comedy|Romance,22,2.5
448,444,Fearless,1993,Drama,188,3.5904255319148937
449,445,Fear of a Black Hat,1993,Comedy,64,3.65625
450,446,With Honors,1994,Comedy|Drama,186,3.295698924731183
451,447,Flesh and Bone,1993,Drama|Mystery|Romance,88,3.147727272727273
452,448,Widows' Peak,1994,Drama,29,3.2413793103448274
453,449,For Love or Money,1993,Comedy,59,3.2203389830508473
454,450,The Firm,1993,Drama|Thriller,641,3.5507020280811235
455,451,Free Willy,1993,Adventure|Children's|Drama,243,2.6131687242798356
456,452,Fresh,1994,Drama,75,4.013333333333334
457,453,The Fugitive,1993,Action|Thriller,1574,4.108640406607369
458,454,Geronimo: An American Legend,1993,Drama|Western,72,3.3055555555555554
459,455,The Getaway,1994,Action,118,2.864406779661017
460,456,Getting Even with Dad,1994,Comedy,32,2.34375
461,457,Go Fish,1994,Drama|Romance,71,3.23943661971831
462,458,A Good Man in Africa,1994,Action|Adventure,24,2.6666666666666665
463,459,Guilty as Sin,1993,Crime|Drama|Thriller,41,2.8048780487804876
464,460,Hard Target,1993,Action|Adventure|Crime|Thriller,160,2.7625
465,461,Heaven & Earth,1993,Action|Drama|War,79,3.2151898734177213
466,462,Hot Shots! Part Deux,1993,Action|Comedy|War,439,2.792710706150342
467,463,Live Nude Girls,1995,Comedy,42,3.2142857142857144
468,464,"The Englishman Who Went Up a Hill, But Came Down a Mountain",1995,Comedy|Romance,271,3.2988929889298895
469,465,The House of the Spirits,1993,Drama|Romance,60,2.933333333333333
470,466,House Party 3,1994,Comedy,29,1.6896551724137931
471,467,The Hudsucker Proxy,1994,Comedy|Romance,474,3.660337552742616
472,468,I'll Do Anything,1994,Comedy|Drama,35,2.7142857142857144
473,469,In the Army Now,1994,Comedy|War,122,2.19672131147541
474,470,In the Line of Fire,1993,Action|Thriller,778,3.816195372750643
475,471,In the Name of the Father,1993,Drama,247,3.8906882591093117
476,472,The Inkwell,1994,Comedy|Drama,32,2.71875
477,473,What's Love Got to Do with It?,1993,Drama,151,3.4635761589403975
478,474,Jimmy Hollywood,1994,Comedy,19,2.473684210526316
479,475,Judgment Night,1993,Action,101,2.8316831683168315
480,476,Jurassic Park,1993,Action|Adventure|Sci-Fi,2132,3.7546904315196996
481,477,Kalifornia,1993,Drama|Thriller,234,3.371794871794872
482,478,Killing Zoe,1994,Thriller,144,3.5347222222222223
483,479,King of the Hill,1993,Drama,59,3.7966101694915255
484,480,Lassie,1994,Adventure|Children's,26,2.6923076923076925
485,481,Last Action Hero,1993,Action|Comedy,403,2.533498759305211
486,482,Life with Mikey,1993,Comedy,51,2.7450980392156863
487,483,Lightning Jack,1994,Comedy|Western,45,2.577777777777778
488,484,M. Butterfly,1993,Drama,28,3.4642857142857144
489,485,Made in America,1993,Comedy,74,2.4594594594594597
490,486,Malice,1993,Thriller,156,3.371794871794872
491,487,The Man Without a Face,1993,Drama,173,3.254335260115607
492,488,Manhattan Murder Mystery,1993,Comedy|Mystery,276,3.710144927536232
493,489,Menace II Society,1993,Action|Crime|Drama,237,3.6751054852320677
494,490,Executive Decision,1996,Action|Thriller,321,3.29595015576324
495,491,In the Realm of the Senses,1976,Drama,30,3.2
496,492,What Happened Was...,1994,Comedy|Drama|Romance,27,3.185185185185185
497,493,Much Ado About Nothing,1993,Comedy|Romance,554,4.005415162454874
498,494,Mr. Jones,1993,Drama|Romance,37,2.7567567567567566
499,495,Mr. Wonderful,1993,Comedy|Romance,39,2.6666666666666665
500,496,Mrs. Doubtfire,1993,Comedy,678,3.411504424778761
501,497,Naked,1993,Drama,72,3.625
502,498,The Next Karate Kid,1994,Action|Children's,122,1.9098360655737705
503,499,The New Age,1994,Drama,12,3.6666666666666665
504,500,No Escape,1994,Action|Sci-Fi,142,2.9788732394366195
505,501,North,1994,Comedy,60,2.466666666666667
506,502,Orlando,1993,Drama,95,3.536842105263158
507,503,A Perfect World,1993,Action|Drama,252,3.5476190476190474
508,504,Philadelphia,1993,Drama,443,3.8961625282167045
509,505,The Piano,1993,Drama|Romance,480,3.65625
510,506,Poetic Justice,1993,Drama,39,2.3846153846153846
511,507,The Program,1993,Action|Drama,128,3.03125
512,508,Robert A. Heinlein's The Puppet Masters,1994,Horror|Sci-Fi,138,2.8768115942028984
513,509,Radioland Murders,1994,Comedy|Mystery|Romance,57,3.1052631578947367
514,510,The Ref,1994,Comedy,277,3.51985559566787
515,511,The Remains of the Day,1993,Drama,354,3.9293785310734464
516,512,Renaissance Man,1994,Comedy|Drama|War,190,2.7842105263157895
517,513,Rising Sun,1993,Action|Drama|Mystery,305,3.1573770491803277
518,514,The Road to Wellville,1994,Comedy,127,2.440944881889764
519,515,Robocop 3,1993,Sci-Fi|Thriller,165,1.9212121212121211
520,516,Robin Hood: Men in Tights,1993,Comedy,302,2.9304635761589406
521,517,Romeo Is Bleeding,1993,Crime|Thriller,92,3.391304347826087
522,518,Romper Stomper,1992,Action|Drama,66,3.696969696969697
523,519,Ruby in Paradise,1993,Drama,94,3.6382978723404253
524,520,Rudy,1993,Drama,364,3.64010989010989
525,521,The Saint of Fort Washington,1993,Drama,20,3.15
526,522,Savage Nights,1992,Drama,7,2.5714285714285716
527,523,Schindler's List,1993,Drama|War,1862,4.505907626208378
528,524,The Scout,1994,Drama,53,2.5660377358490565
529,525,Searching for Bobby Fischer,1993,Drama,602,3.9401993355481726
530,526,Second Best,1994,Drama,2,3.5
531,527,The Secret Garden,1993,Children's|Drama,270,3.7814814814814817
532,528,Serial Mom,1994,Comedy|Crime|Horror,313,3.05111821086262
533,529,The Shadow,1994,Action,174,2.7528735632183907
534,530,Shadowlands,1993,Drama|Romance,236,3.843220338983051
535,531,Short Cuts,1993,Drama,227,3.8193832599118944
536,532,A Simple Twist of Fate,1994,Drama,45,3.1555555555555554
537,533,Sirens,1994,Comedy|Drama,172,3.104651162790698
538,534,Six Degrees of Separation,1993,Drama,258,3.810077519379845
539,535,Sleepless in Seattle,1993,Comedy|Romance,793,3.7704918032786887
540,536,Sliver,1993,Thriller,136,2.2279411764705883
541,537,Blade Runner,1982,Film-Noir|Sci-Fi,1430,4.2958041958041955
542,538,Son in Law,1993,Comedy,151,2.6688741721854305
543,539,So I Married an Axe Murderer,1993,Comedy|Romance|Thriller,552,3.398550724637681
544,540,Striking Distance,1993,Action,91,2.67032967032967
545,541,Harlem,1993,Drama,0,
546,542,Super Mario Bros.,1993,Action|Adventure|Children's|Sci-Fi,277,1.9061371841155235
547,543,Surviving the Game,1994,Action|Adventure|Thriller,90,2.933333333333333
548,544,Terminal Velocity,1994,Action,102,2.607843137254902
549,545,Thirty-Two Short Films About Glenn Gould,1993,Documentary,126,3.8412698412698414
550,546,Threesome,1994,Comedy|Romance,146,2.958904109589041
551,547,The Nightmare Before Christmas,1993,Children's|Comedy|Musical,799,3.737171464330413
552,548,The Three Musketeers,1993,Action|Adventure|Comedy,423,3.2576832151300237
553,549,Tombstone,1993,Western,450,3.862222222222222
554,550,Trial by Jury,1994,Thriller,16,2.5625
555,551,True Romance,1993,Action|Crime|Romance,541,3.9279112754158967
556,552,The War Room,1993,Documentary,104,4.298076923076923
557,553,Mamma Roma,1962,Drama,1,4.0
558,554,The Pagemaster,1994,Action|Adventure|Animation|Children's|Fantasy,116,2.7586206896551726
559,555,"Paris, France",1993,Comedy,4,3.5
560,556,"The Beans of Egypt, Maine",1994,Drama,6,3.6666666666666665
561,557,Killer,1994,Thriller,10,3.6
562,558,Welcome to the Dollhouse,1995,Comedy|Drama,371,3.8140161725067387
563,559,Germinal,1993,Drama,13,3.230769230769231
564,560,Chasers,1994,Comedy,35,2.4
565,561,Cronos,1992,Horror,49,3.0816326530612246
566,562,Naked in New York,1994,Comedy|Romance,12,3.0
567,563,Kika,1993,Drama,10,3.6
568,564,Bhaji on the Beach,1993,Comedy|Drama,28,3.7857142857142856
569,565,Little Big League,1994,Children's|Comedy,80,2.9625
570,566,The Slingshot,1993,Comedy|Drama,16,3.4375
571,567,The Wedding Gift,1994,Drama,24,3.625
572,568,Foreign Student,1994,Drama,1,1.0
573,569,"Ciao, Professore!",1993,Drama,19,3.526315789473684
574,570,Spanking the Monkey,1994,Comedy|Drama,141,3.4539007092198584
575,571,The Little Rascals,1994,Children's|Comedy,90,2.9
576,572,Fausto,1993,Comedy,1,3.0
577,573,Andre,1994,Adventure|Children's,43,3.0
578,574,The Hour of the Pig,1993,Drama|Mystery,2,4.5
579,575,"Scorta, La",1993,Thriller,1,2.0
580,576,Princess Caraboo,1994,Drama,52,3.173076923076923
581,577,The Celluloid Closet,1995,Documentary,110,4.036363636363636
582,578,Metisse,1993,Comedy,1,3.0
583,579,Dear Diary,1994,Comedy|Drama,24,3.6666666666666665
584,580,I Don't Want to Talk About It,1993,Drama,1,4.0
585,581,The Brady Bunch Movie,1995,Comedy,340,2.8676470588235294
586,582,Home Alone,1990,Children's|Comedy,534,3.153558052434457
587,583,Ghost,1990,Comedy|Romance|Thriller,885,3.4915254237288136
588,584,Aladdin,1992,Animation|Children's|Comedy|Musical,1090,3.8146788990825686
589,585,Terminator 2: Judgment Day,1991,Action|Sci-Fi|Thriller,2122,4.055607917059378
590,586,Dances with Wolves,1990,Adventure|Drama|Western,1166,3.922813036020583
591,587,Tough and Deadly,1995,Action|Drama|Thriller,1,1.0
592,588,Batman,1989,Action|Adventure|Crime|Drama,1142,3.5893169877408058
593,589,The Silence of the Lambs,1991,Drama|Thriller,2069,4.36346060898985
594,590,Snow White and the Seven Dwarfs,1937,Animation|Children's|Musical,615,3.83739837398374
595,591,Beauty and the Beast,1991,Animation|Children's|Musical,868,3.890552995391705
596,592,Pinocchio,1940,Animation|Children's,394,3.7106598984771573
597,593,Pretty Woman,1990,Comedy|Romance,825,3.6436363636363636
598,594,Window to Paris,1994,Comedy,6,4.333333333333333
599,595,The Wild Bunch,1969,Western,216,4.050925925925926
600,596,Love and a .45,1994,Thriller,23,3.0
601,597,The Wooden Man's Bride,1994,Drama,1,3.0
602,598,A Great Day in Harlem,1994,Documentary,35,4.0285714285714285
603,599,"Bye Bye, Love",1995,Comedy,47,3.0
604,600,Criminals,1996,Documentary,0,
605,601,One Fine Day,1996,Drama|Romance,184,3.342391304347826
606,602,Candyman: Farewell to the Flesh,1995,Horror,76,2.25
607,603,Century,1993,Drama,2,2.0
608,604,Fargo,1996,Crime|Drama|Thriller,1994,4.264292878635907
609,605,Homeward Bound II: Lost in San Francisco,1996,Adventure|Children's,50,2.72
610,606,Heavy Metal,1981,Action|Adventure|Animation|Horror|Sci-Fi,496,3.5524193548387095
611,607,Hellraiser: Bloodline,1996,Action|Horror|Sci-Fi,168,2.4523809523809526
612,608,The Pallbearer,1996,Comedy,62,2.435483870967742
613,609,Jane Eyre,1996,Drama|Romance,71,3.591549295774648
614,610,Loaded,1994,Drama|Thriller,9,2.6666666666666665
615,611,Bread and Chocolate,1973,Drama,56,4.053571428571429
616,612,The Aristocats,1970,Animation|Children's,228,3.3508771929824563
617,613,The Flower of My Secret,1995,Drama,13,3.8461538461538463
618,614,Two Much,1996,Comedy|Romance,7,2.142857142857143
619,615,Ed,1996,Comedy,20,2.6
620,616,Scream of Stone,1991,Drama,0,
621,617,My Favorite Season,1993,Drama,33,3.606060606060606
623,618,A Modern Affair,1995,Romance,2,2.5
624,619,Condition Red,1995,Action|Drama|Thriller,1,4.0
625,620,Asfour Stah,1990,Drama,0,
626,621,A Thin Line Between Love and Hate,1996,Comedy,14,2.2857142857142856
627,622,The Last Supper,1995,Drama|Thriller,100,3.59
628,623,Primal Fear,1996,Drama|Thriller,400,3.9225
629,624,Rude,1995,Drama,0,
630,625,Carried Away,1996,Drama|Romance,6,2.6666666666666665
631,626,All Dogs Go to Heaven 2,1996,Animation|Children's|Musical,60,2.0833333333333335
632,627,Land and Freedom,1995,War,13,4.0
633,628,Denise Calls Up,1995,Comedy,18,3.5555555555555554
634,629,Theodore Rex,1995,Comedy,3,1.6666666666666667
635,630,A Family Thing,1996,Comedy|Drama,64,3.609375
636,631,Frisk,1995,Drama,0,
637,632,Sgt. Bilko,1996,Comedy,111,2.5045045045045047
638,633,Jack and Sarah,1995,Romance,18,3.2777777777777777
639,634,Girl 6,1996,Comedy,63,2.5714285714285716
640,635,Diabolique,1996,Drama|Thriller,57,2.6491228070175437
641,636,"Little Indian, Big City",1994,Comedy,1,1.0
642,637,Roula,1995,Drama,0,
643,638,Peanuts - Die Bank zahlt alles,1996,Comedy,3,2.0
644,639,Happy Weekend,1996,Comedy,1,2.0
645,640,Nelly & Monsieur Arnaud,1995,Drama,18,3.6666666666666665
647,641,Courage Under Fire,1996,Drama|War,355,3.5492957746478875
648,642,Mission: Impossible,1996,Action|Adventure|Mystery,1223,3.428454619787408
649,643,Cold Fever,1994,Comedy|Drama,14,4.214285714285714
650,644,Moll Flanders,1996,Drama,77,3.4675324675324677
651,645,"Superweib, Das",1996,Comedy,1,2.0
652,646,"301, 302",1995,Mystery,6,2.8333333333333335
653,647,Dragonheart,1996,Action|Adventure|Fantasy,471,3.225053078556263
654,648,Und keiner weint mir nach,1996,Drama|Romance,0,
655,649,Mutters Courage,1995,Comedy,1,1.0
656,650,Eddie,1996,Comedy,31,2.4516129032258065
657,651,Yankee Zulu,1994,Comedy|Drama,2,3.0
658,652,Billy's Holiday,1995,Drama,1,3.0
659,653,Purple Noon,1960,Crime|Thriller,21,3.7142857142857144
660,654,August,1996,Drama,2,1.5
661,655,James and the Giant Peach,1996,Animation|Children's|Musical,419,3.4725536992840094
662,656,Fear,1996,Thriller,95,2.9894736842105263
663,657,Kids in the Hall: Brain Candy,1996,Comedy,218,3.408256880733945
664,658,Faithful,1996,Comedy,8,3.0
665,659,Underground,1995,War,31,3.6129032258064515
666,660,All Things Fair,1996,Drama,3,3.3333333333333335
667,661,Bloodsport 2,1995,Action,36,2.1666666666666665
668,662,Pather Panchali,1955,Drama,38,4.342105263157895
669,663,Aparajito,1956,Drama,17,4.117647058823529
670,664,The World of Apu,1959,Drama,45,4.511111111111111
671,665,Mystery Science Theater 3000: The Movie,1996,Comedy|Sci-Fi,359,3.6462395543175488
672,666,Tarantella,1995,Drama,1,2.0
673,667,Space Jam,1996,Adventure|Animation|Children's|Comedy|Fantasy,445,2.58876404494382
674,668,Barbarella,1968,Adventure|Sci-Fi,312,3.0224358974358974
675,669,Hostile Intentions,1994,Action|Drama|Thriller,0,
676,670,They Bite,1996,Drama,0,
678,671,Some Folks Call It a Sling Blade,1993,Drama|Thriller,250,4.26
679,672,The Run of the Country,1995,Drama,2,3.5
680,673,Alphaville,1965,Sci-Fi,51,3.450980392156863
681,674,Clean Slate,1981,Crime,8,3.875
682,675,Tigrero: A Film That Was Never Made,1994,Documentary|Drama,4,3.5
683,676,The Eye of Vichy,1993,Documentary,0,
684,677,Windows,1980,Drama,1,1.0
685,678,It's My Party,1995,Drama,21,3.380952380952381
687,679,Country Life,1994,Drama|Romance,3,3.0
688,680,Operation Dumbo Drop,1995,Action|Adventure|Comedy|War,170,2.223529411764706
690,681,The Promise,1994,Romance,2,2.0
691,682,Mrs. Winterbourne,1996,Comedy|Romance,93,3.161290322580645
692,683,Solo,1996,Action|Sci-Fi|Thriller,88,2.1704545454545454
693,684,Under the Domin Tree,1994,Drama,0,
694,685,The Substitute,1996,Action,128,2.6640625
695,686,True Crime,1995,Mystery|Thriller,110,3.2
696,687,Butterfly Kiss,1995,Thriller,2,2.5
697,688,Feeling Minnesota,1996,Drama|Romance,64,2.515625
698,689,Delta of Venus,1994,Drama,3,2.0
699,690,To Cross the Rubicon,1991,Drama,0,
700,691,Angus,1995,Comedy,116,3.293103448275862
701,692,Daens,1992,Drama,1,4.0
702,693,Faces,1968,Drama,24,3.6666666666666665
703,694,Boys,1996,Drama,8,1.5
704,695,The Quest,1996,Action|Adventure,36,2.2777777777777777
705,696,Cosi,1996,Comedy,24,3.875
706,697,Sunset Park,1996,Drama,2,2.5
707,698,Mulholland Falls,1996,Crime|Film-Noir|Thriller,220,3.1
708,699,The Truth About Cats & Dogs,1996,Comedy|Romance,552,3.4365942028985508
709,700,Oliver & Company,1988,Animation|Children's,115,3.0782608695652174
710,701,Celtic Pride,1996,Comedy,36,2.2777777777777777
711,702,Flipper,1996,Adventure|Children's,49,2.4489795918367347
712,703,Captives,1994,Drama,2,3.5
713,704,Of Love and Shadows,1994,Drama,0,
714,705,Dead Man,1995,Western,123,3.951219512195122
715,706,The Horseman on the Roof,1995,Drama,45,3.7333333333333334
716,707,Switchblade Sisters,1975,Crime,22,2.590909090909091
717,708,Mouth to Mouth,1995,Comedy,1,4.0
718,709,The Visitors,1993,Comedy|Sci-Fi,28,3.5
719,710,Multiplicity,1996,Comedy,194,2.8350515463917527
720,711,Wallace & Gromit: The Best of Aardman Animation,1996,Animation,353,4.405099150141643
721,712,Halfmoon,1995,Drama,0,
722,713,The Haunted World of Edward D. Wood Jr.,1995,Documentary,21,3.761904761904762
723,714,Two Friends,1986,Drama,0,
724,715,The Craft,1996,Drama|Horror,345,3.063768115942029
725,716,The Great White Hype,1996,Comedy,72,2.8055555555555554
726,717,Last Dance,1996,Drama,7,3.0
727,718,War Stories,1995,Documentary,0,
728,719,Cold Comfort Farm,1995,Comedy,177,3.76271186440678
729,720,"Institute Benjamenta, or This Dream People Call Human Life",1995,Drama,1,5.0
730,721,The Low Life,1994,Drama,1,1.0
731,722,Heaven's Prisoners,1996,Mystery|Thriller,34,2.823529411764706
732,723,Original Gangstas,1996,Crime,4,3.25
733,724,The Rock,1996,Action|Adventure|Thriller,1073,3.743709226467847
734,725,Getting Away With Murder,1996,Comedy,3,3.0
735,726,Cemetery Man,1994,Comedy|Horror,78,3.3846153846153846
736,727,Twister,1996,Action|Adventure|Romance|Thriller,867,3.1707035755478663
737,728,Barb Wire,1996,Action|Sci-Fi,240,2.0166666666666666
738,729,"Garcu, Le",1995,Drama,0,
739,730,Honigmond,1996,Comedy,0,
741,731,Ghost in the Shell,1995,Animation|Sci-Fi,250,4.048
742,732,Thinner,1996,Horror|Thriller,134,2.656716417910448
743,733,Spy Hard,1996,Comedy,92,2.608695652173913
744,734,Brothers in Trouble,1995,Drama,3,2.0
745,735,A Close Shave,1995,Animation|Comedy|Thriller,525,4.52
746,736,Force of Evil,1948,Film-Noir,26,4.038461538461538
747,737,The Stupids,1996,Comedy,45,1.9111111111111112
748,738,The Arrival,1996,Action|Sci-Fi|Thriller,331,3.132930513595166
749,739,The Man from Down Under,1943,Drama,3,3.3333333333333335
750,740,Dr. Strangelove or: How I Learned to Stop Worrying and Love the Bomb,1963,Sci-Fi|War,1125,4.456
751,741,Careful,1992,Comedy,14,3.642857142857143
752,742,Vermont Is For Lovers,1992,Comedy|Romance,0,
753,743,A Month by the Lake,1995,Comedy|Drama,25,3.16
754,744,Gold Diggers: The Secret of Bear Mountain,1995,Adventure|Children's,8,2.875
755,745,Kim,1950,Children's|Drama,7,3.7142857142857144
756,746,Carmen Miranda: Bananas Is My Business,1994,Documentary,4,3.0
757,747,Ashes of Time,1994,Drama,2,3.5
758,748,The Jar,1992,Drama,1,4.0
759,749,Maya Lin: A Strong Clear Vision,1994,Documentary,46,4.130434782608695
760,750,Stalingrad,1993,War,28,3.4285714285714284
761,751,The Phantom,1996,Adventure,106,2.7735849056603774
762,752,Striptease,1996,Comedy|Crime,230,2.1826086956521737
763,753,The Last of the High Kings,1996,Drama,0,
764,754,Heavy,1995,Drama|Romance,58,3.2241379310344827
765,755,Jack,1996,Comedy|Drama,136,2.6470588235294117
766,756,I Shot Andy Warhol,1996,Drama,77,3.5714285714285716
767,757,The Grass Harp,1995,Drama,20,3.25
768,758,Someone Else's America,1995,Drama,0,
769,759,Marlene Dietrich: Shadow and Light,1996,Documentary,8,3.375
770,760,Costa Brava,1946,Drama,0,
771,761,"Vie est belle, La",1987,Comedy|Drama,17,3.764705882352941
772,762,Quartier Mozart,1992,Comedy,0,
773,763,Touki Bouki,1973,Drama,0,
774,764,Wend Kuuni,1982,Drama,1,4.0
775,765,Spirits of the Dead,1968,Horror,8,3.125
776,766,Babyfever,1994,Comedy|Drama,4,3.0
777,767,Pharaoh's Army,1995,War,0,
778,768,Trainspotting,1996,Drama,594,3.930976430976431
779,769,'Til There Was You,1997,Drama|Romance,47,2.6595744680851063
780,770,Independence Day,1996,Action|Sci-Fi|War,1379,3.5039883973894126
781,771,Stealing Beauty,1996,Drama,78,3.41025641025641
782,772,The Fan,1996,Thriller,116,2.560344827586207
783,773,The Hunchback of Notre Dame,1996,Animation|Children's|Musical,314,3.1910828025477707
784,774,The Cable Guy,1996,Comedy,320,2.6875
785,775,Kingpin,1996,Comedy,617,3.4635332252836304
786,776,Eraser,1996,Action|Thriller,367,3.147138964577657
787,777,The Gate of Heavenly Peace,1995,Documentary,2,5.0
788,778,The Nutty Professor,1996,Comedy|Fantasy|Romance|Sci-Fi,745,2.9879194630872483
789,779,"I, Worst of All",1990,Drama,2,3.0
790,780,An Unforgettable Summer,1994,Drama,1,3.0
791,781,"The Last Klezmer: Leopold Kozlowski, His Life and Music",1995,Documentary,2,3.5
792,782,A Hungarian Fairy Tale,1987,Fantasy,1,4.0
793,783,My Life and Times With Antonin Artaud,1993,Drama,9,2.6666666666666665
794,784,Midnight Dancers,1994,Comedy|Drama,0,
795,785,Somebody to Love,1994,Drama,0,
796,786,A Very Natural Thing,1974,Drama,3,3.3333333333333335
797,787,The Old Lady Who Walked in the Sea,1991,Comedy,0,
798,788,Daylight,1996,Action|Adventure|Thriller,163,2.687116564417178
799,789,The Frighteners,1996,Comedy|Horror,278,3.316546762589928
800,790,Lone Star,1996,Drama|Mystery,494,4.107287449392713
801,791,Harriet the Spy,1996,Children's|Comedy,90,3.0444444444444443
802,792,Phenomenon,1996,Drama|Romance,358,3.5083798882681565
803,793,Walking and Talking,1996,Romance,40,3.725
804,794,She's the One,1996,Comedy|Romance,186,3.0
805,795,A Time to Kill,1996,Drama,278,3.643884892086331
806,796,American Buffalo,1996,Drama,50,3.12
807,797,Rendezvous in Paris,1995,Comedy|Romance,10,3.4
808,798,Alaska,1996,Adventure|Children's,34,3.411764705882353
809,799,Fled,1996,Action|Adventure,88,2.602272727272727
810,800,Kazaam,1996,Children's|Comedy|Fantasy,100,1.46
811,801,"Bewegte Mann, Der",1994,Comedy,9,3.888888888888889
812,802,Magic Hunter,1994,Drama,0,
813,803,Larger Than Life,1996,Comedy,37,2.5945945945945947
814,804,A Boy Called Hate,1995,Drama,0,
815,805,Power 98,1995,Action|Mystery|Thriller,3,2.0
816,806,Two Deaths,1995,Drama,0,
818,807,A Very Brady Sequel,1996,Comedy,147,2.6462585034013606
819,808,Stefano Quantestorie,1993,Comedy|Drama,0,
820,809,Death in the Garden,1956,Drama,4,3.25
821,810,The Crude Oasis,1995,Romance,1,3.0
822,811,Hedd Wyn,1992,Drama,0,
823,812,"Collectionneuse, La",1967,Drama,3,3.0
824,813,Kaspar Hauser,1993,Drama,22,3.909090909090909
825,814,Echte Kerle,1996,Comedy|Romance,0,
826,815,Diebinnen,1995,Drama,0,
827,816,The Convent,1995,Drama,2,3.0
828,817,The Adventures of Pinocchio,1996,Adventure|Children's,38,3.026315789473684
829,818,Joe's Apartment,1996,Comedy|Musical,108,2.314814814814815
830,819,The First Wives Club,1996,Comedy,240,2.9916666666666667
831,820,Stonewall,1995,Drama,19,3.789473684210526
832,821,Ransom,1996,Drama|Thriller,458,3.438864628820961
833,822,High School High,1996,Comedy,62,2.2580645161290325
834,823,Phat Beach,1996,Comedy,3,1.6666666666666667
835,824,Foxfire,1996,Drama,84,3.0238095238095237
836,825,Chain Reaction,1996,Action|Adventure|Thriller,198,2.6363636363636362
837,826,Matilda,1996,Children's|Comedy,177,3.440677966101695
838,827,Emma,1996,Comedy|Drama|Romance,398,3.8944723618090453
839,828,The Crow: City of Angels,1996,Action|Thriller,104,2.1826923076923075
840,829,House Arrest,1996,Comedy,36,2.5555555555555554
841,830,Eyes Without a Face,1959,Horror,20,3.75
842,831,Tales from the Crypt Presents: Bordello of Blood,1996,Horror,126,2.6031746031746033
843,832,Lotto Land,1995,Drama,1,1.0
844,833,The Story of Xinghua,1993,Drama,5,3.6
845,834,The Day the Sun Turned Cold,1994,Drama,0,
846,835,Flirt,1995,Drama,30,3.7333333333333334
847,836,The Big Squeeze,1996,Comedy|Drama,5,1.8
848,837,The Spitfire Grill,1996,Drama,127,3.4015748031496065
849,838,Escape from L.A.,1996,Action|Adventure|Sci-Fi|Thriller,414,2.5386473429951693
850,839,Cyclo,1995,Crime|Drama,25,3.8
851,840,Basquiat,1996,Drama,99,3.5555555555555554
852,841,Tin Cup,1996,Comedy|Romance,486,3.1995884773662553
853,842,Dingo,1992,Drama,2,4.0
854,843,The Ballad of Narayama,1958,Drama,5,3.6
855,844,Every Other Weekend,1990,Drama,0,
856,845,Mille bolle blu,1993,Comedy,0,
857,846,Crows and Sparrows,1949,Drama,0,
858,847,The Godfather,1972,Action|Crime|Drama,1793,4.534857780256553
859,848,The Hippie Revolution,1996,Documentary,1,2.0
860,849,"Maybe, Maybe Not",1994,Comedy,8,3.5
861,850,Supercop,1992,Action|Thriller,224,3.5089285714285716
862,851,Manny & Lo,1996,Drama,20,3.55
863,852,Celestial Clockwork,1994,Comedy,6,3.6666666666666665
864,853,The Wife,1995,Comedy|Drama,7,3.7142857142857144
865,854,Small Faces,1995,Drama,1,2.0
866,855,Bound,1996,Crime|Drama|Romance|Thriller,448,3.794642857142857
867,856,Carpool,1996,Comedy|Crime,18,2.2222222222222223
868,857,Death in Brunswick,1991,Comedy,1,3.0
869,858,Kansas City,1996,Crime,34,3.088235294117647
870,859,Gone Fishin',1997,Comedy,43,2.186046511627907
871,860,Lover's Knot,1996,Comedy,0,
872,861,Aiqing wansui,1994,Drama,1,3.0
873,862,Shadow of Angels,1976,Drama,0,
874,863,Killer: A Journal of Murder,1995,Crime|Drama,7,3.4285714285714284
875,864,Nothing to Lose,1994,Drama,29,3.3448275862068964
876,865,Police Story 4: Project S,1993,Action,17,2.9411764705882355
877,866,Girls Town,1996,Drama,17,3.0588235294117645
878,867,Bye-Bye,1995,Drama,1,4.0
879,868,The Relic,1997,Horror,202,2.801980198019802
880,869,The Island of Dr. Moreau,1996,Sci-Fi|Thriller,260,2.173076923076923
881,870,First Kid,1996,Children's|Comedy,68,2.6323529411764706
882,871,The Trigger Effect,1996,Drama|Thriller,50,2.7
884,872,Sweet Nothing,1995,Drama,2,3.0
885,873,Bogus,1996,Children's|Drama|Fantasy,33,2.5757575757575757
886,874,Bulletproof,1996,Action,91,2.901098901098901
887,875,Talk of Angels,1998,Drama,1,1.0
888,876,Land Before Time III: The Time of the Great Giving,1995,Animation|Children's,38,2.0789473684210527
889,877,1-900,1994,Romance,1,2.0
890,878,Baton Rouge,1988,Thriller,0,
891,879,Halloween: The Curse of Michael Myers,1995,Horror|Thriller,147,2.435374149659864
892,880,Twelfth Night,1996,Comedy|Drama|Romance,126,3.865079365079365
893,881,Mother Night,1996,Drama,56,3.642857142857143
894,882,Liebelei,1933,Romance,0,
895,883,Venice/Venice,1992,Drama,2,1.0
896,884,Wild Reeds,1994,Drama,46,3.4782608695652173
897,885,For Whom the Bell Tolls,1943,Adventure|War,77,3.7662337662337664
898,886,The Philadelphia Story,1940,Comedy|Romance,472,4.319915254237288
899,887,Singin' in the Rain,1952,Musical|Romance,592,4.277027027027027
900,888,An American in Paris,1951,Musical|Romance,276,3.847826086956522
901,889,Funny Face,1957,Comedy|Musical,138,3.753623188405797
902,890,Breakfast at Tiffany's,1961,Drama|Romance,530,3.9339622641509435
903,891,Vertigo,1958,Mystery|Thriller,704,4.2727272727272725
904,892,Rear Window,1954,Mystery|Thriller,839,4.448152562574493
905,893,It Happened One Night,1934,Comedy,302,4.30794701986755
906,894,Gaslight,1944,Mystery|Thriller,144,4.104166666666667
907,895,The Gay Divorcee,1934,Comedy|Musical|Romance,89,3.898876404494382
908,896,North by Northwest,1959,Drama|Thriller,1060,4.388679245283019
909,897,The Apartment,1960,Comedy|Drama,348,4.146551724137931
910,898,Some Like It Hot,1959,Comedy|Crime,656,4.304878048780488
911,899,Charade,1963,Comedy|Mystery|Romance|Thriller,244,4.127049180327869
912,900,Casablanca,1942,Drama|Romance|War,1315,4.397718631178707
913,901,The Maltese Falcon,1941,Film-Noir|Mystery,803,4.378580323785803
914,902,My Fair Lady,1964,Musical|Romance,509,4.137524557956778
915,903,Sabrina,1954,Comedy|Romance,275,3.930909090909091
916,904,Roman Holiday,1953,Comedy|Romance,343,4.233236151603498
917,905,The Little Princess,1939,Children's|Drama,64,3.65625
918,906,Meet Me in St. Louis,1944,Musical,141,3.780141843971631
919,907,The Wizard of Oz,1939,Adventure|Children's|Drama|Musical,1386,4.232323232323233
920,908,Gone with the Wind,1939,Drama|Romance|War,928,3.9956896551724137
921,909,My Favorite Year,1982,Comedy,231,3.8744588744588744
922,910,Sunset Blvd.,1950,Film-Noir,367,4.471389645776567
923,911,Citizen Kane,1941,Drama,879,4.370875995449374
924,912,2001: A Space Odyssey,1968,Drama|Mystery|Sci-Fi|Thriller,1376,4.0726744186046515
925,913,Golden Earrings,1947,Adventure|Romance,9,3.2222222222222223
926,914,All About Eve,1950,Drama,332,4.274096385542169
927,915,The Women,1939,Comedy,70,3.9571428571428573
928,916,Rebecca,1940,Romance|Thriller,308,4.1980519480519485
929,917,Foreign Correspondent,1940,Thriller,79,3.8354430379746836
930,918,Notorious,1946,Film-Noir|Romance|Thriller,348,4.313218390804598
931,919,Spellbound,1945,Mystery|Romance|Thriller,163,3.920245398773006
932,920,An Affair to Remember,1957,Romance,148,3.925675675675676
933,921,To Catch a Thief,1955,Comedy|Romance|Thriller,354,4.127118644067797
934,922,Father of the Bride,1950,Comedy,245,3.6448979591836737
935,923,The Band Wagon,1953,Comedy|Musical,53,3.6037735849056602
936,924,Ninotchka,1939,Comedy|Romance,110,4.090909090909091
937,925,Love in the Afternoon,1957,Comedy|Romance,35,3.742857142857143
938,926,Gigi,1958,Musical,145,3.613793103448276
939,927,The Reluctant Debutante,1958,Comedy|Drama,11,3.1818181818181817
940,928,The Adventures of Robin Hood,1938,Action|Adventure,315,3.965079365079365
941,929,The Mark of Zorro,1940,Adventure,83,3.7228915662650603
942,930,Laura,1944,Crime|Film-Noir|Mystery,231,4.203463203463204
943,931,The Ghost and Mrs. Muir,1947,Drama|Romance,131,3.969465648854962
944,932,Lost Horizon,1937,Drama,72,3.7083333333333335
945,933,Top Hat,1935,Comedy|Musical|Romance,199,4.14070351758794
946,934,To Be or Not to Be,1942,Comedy|Drama|War,131,3.9236641221374047
947,935,My Man Godfrey,1936,Comedy,153,4.084967320261438
948,936,Giant,1956,Drama,100,3.69
949,937,East of Eden,1955,Drama,172,4.0
950,938,The Thin Man,1934,Mystery,241,4.244813278008299
951,939,His Girl Friday,1940,Comedy,305,4.262295081967213
952,940,Around the World in 80 Days,1956,Adventure|Comedy,225,3.5555555555555554
953,941,It's a Wonderful Life,1946,Drama,568,4.269366197183099
954,942,Mr. Smith Goes to Washington,1939,Drama,307,4.231270358306189
955,943,Bringing Up Baby,1938,Comedy,329,4.167173252279635
956,944,Penny Serenade,1941,Drama|Romance,34,3.4705882352941178
957,945,The Scarlet Letter,1926,Drama,26,3.0384615384615383
958,946,Lady of Burlesque,1943,Comedy|Mystery,11,3.3636363636363638
959,947,Of Human Bondage,1934,Drama,50,3.72
960,948,Angel on My Shoulder,1946,Crime|Drama,15,3.4
961,949,Little Lord Fauntleroy,1936,Drama,22,3.5
962,950,They Made Me a Criminal,1939,Crime|Drama,10,3.6
963,951,The Inspector General,1949,Musical,39,3.641025641025641
964,952,Angel and the Badman,1947,Western,39,3.5128205128205128
965,953,The 39 Steps,1935,Thriller,201,4.044776119402985
966,954,A Walk in the Sun,1945,Drama,5,4.0
967,955,The Outlaw,1943,Western,17,3.2941176470588234
968,956,Night of the Living Dead,1968,Horror|Sci-Fi,564,3.6808510638297873
969,957,The African Queen,1951,Action|Adventure|Romance|War,843,4.2443653618030845
970,958,Beat the Devil,1954,Comedy|Drama,33,3.4545454545454546
971,959,Cat on a Hot Tin Roof,1958,Drama,215,4.032558139534884
972,960,The Last Time I Saw Paris,1954,Drama,5,3.2
973,961,Meet John Doe,1941,Drama,70,3.914285714285714
974,962,Algiers,1938,Drama|Romance,10,3.9
975,963,Something to Sing About,1937,Comedy|Musical,2,1.5
976,964,A Farewell to Arms,1932,Romance|War,44,3.6363636363636362
977,965,Moonlight Murder,1936,Mystery,2,2.0
978,966,The Blue Angel,1930,Drama,81,3.962962962962963
979,967,Nothing Personal,1995,Drama|War,0,
980,968,In the Line of Duty 2,1987,Action,3,3.0
981,969,Dangerous Ground,1997,Drama,4,2.75
982,970,Picnic,1955,Drama,67,3.6417910447761193
983,971,Madagascar Skin,1995,Romance,0,
984,972,The Pompatus of Love,1996,Comedy|Drama,23,2.6956521739130435
985,973,Small Wonders,1996,Documentary,4,3.75
986,974,Fly Away Home,1996,Adventure|Children's,192,3.5729166666666665
987,975,Bliss,1997,Drama|Romance,33,2.878787878787879
988,976,Grace of My Heart,1996,Comedy|Drama,55,3.4363636363636365
989,977,Schlafes Bruder,1995,Drama,0,
990,978,Maximum Risk,1996,Action|Adventure|Thriller,41,2.6341463414634148
991,979,Michael Collins,1996,Drama|War,143,3.5034965034965033
992,980,The Rich Man's Wife,1996,Thriller,16,2.5
993,981,Infinity,1996,Drama,7,3.142857142857143
994,982,Big Night,1996,Drama,364,4.074175824175824
996,983,Last Man Standing,1996,Action|Drama|Western,203,2.916256157635468
997,984,Caught,1996,Drama|Thriller,23,3.391304347826087
998,985,Set It Off,1996,Action|Crime,71,2.9577464788732395
999,986,2 Days in the Valley,1996,Crime,227,3.303964757709251
1000,987,Curdled,1996,Crime,17,2.9411764705882355
1001,988,The Associate,1982,Comedy,0,
1002,989,Ed's Next Move,1996,Comedy,7,4.285714285714286
1003,990,Extreme Measures,1996,Drama|Thriller,84,2.9404761904761907
1004,991,The Glimmer Man,1996,Action|Thriller,82,2.5853658536585367
1005,992,D3: The Mighty Ducks,1996,Children's|Comedy,117,2.3333333333333335
1006,993,The Chamber,1996,Drama,67,3.08955223880597
1007,994,The Apple Dumpling Gang,1975,Children's|Comedy|Western,181,2.9889502762430937
1008,995,"Davy Crockett, King of the Wild Frontier",1955,Western,82,3.317073170731707
1009,996,Escape to Witch Mountain,1975,Adventure|Children's|Fantasy,227,3.1365638766519823
1010,997,The Love Bug,1969,Children's|Comedy,193,3.2020725388601035
1011,998,Herbie Rides Again,1974,Adventure|Children's|Comedy,112,2.6875
1012,999,Old Yeller,1957,Children's|Drama,243,3.7037037037037037
1013,1000,The Parent Trap,1961,Children's|Drama,204,3.5588235294117645
1014,1001,Pollyanna,1960,Children's|Comedy|Drama,105,3.3714285714285714
1015,1002,Homeward Bound: The Incredible Journey,1993,Adventure|Children's,192,3.3489583333333335
1016,1003,The Shaggy Dog,1959,Children's|Comedy,129,3.2790697674418605
1017,1004,Swiss Family Robinson,1960,Adventure|Children's,216,3.5972222222222223
1018,1005,That Darn Cat!,1965,Children's|Comedy|Mystery,97,3.2783505154639174
1019,1006,"20,000 Leagues Under the Sea",1954,Adventure|Children's|Fantasy|Sci-Fi,459,3.7037037037037037
1020,1007,Cool Runnings,1993,Comedy,311,3.2733118971061095
1021,1008,Angels in the Outfield,1994,Children's|Comedy,197,2.8680203045685277
1022,1009,Cinderella,1950,Animation|Children's|Musical,461,3.7765726681127982
1023,1010,Winnie the Pooh and the Blustery Day,1968,Animation|Children's,189,4.021164021164021
1024,1011,The Three Caballeros,1945,Animation|Children's|Musical,91,3.21978021978022
1025,1012,The Sword in the Stone,1963,Animation|Children's,249,3.610441767068273
1026,1013,So Dear to My Heart,1949,Children's|Drama,8,3.625
1027,1014,Robin Hood: Prince of Thieves,1991,Drama,283,3.1625441696113072
1028,1015,Mary Poppins,1964,Children's|Comedy|Musical,774,3.887596899224806
1029,1016,Dumbo,1941,Animation|Children's|Musical,463,3.695464362850972
1030,1017,Pete's Dragon,1977,Adventure|Animation|Children's|Musical,252,3.0753968253968256
1031,1018,Bedknobs and Broomsticks,1971,Adventure|Children's|Musical,254,3.5039370078740157
1032,1019,Alice in Wonderland,1951,Animation|Children's|Musical,407,3.6683046683046685
1033,1020,The Fox and the Hound,1981,Animation|Children's,238,3.436974789915966
1034,1021,Freeway,1996,Crime,143,3.6783216783216783
1035,1022,The Sound of Music,1965,Musical,703,3.928876244665718
1036,1023,Die Hard,1988,Action|Thriller,1324,4.123111782477341
1037,1024,The Lawnmower Man,1992,Action|Sci-Fi|Thriller,496,2.6693548387096775
1038,1025,Unhook the Stars,1996,Drama,10,3.2
1039,1026,Synthetic Pleasures,1995,Documentary,2,3.5
1040,1027,The Secret Agent,1996,Drama,5,3.0
1041,1028,Secrets & Lies,1996,Drama,398,4.00251256281407
1042,1029,That Thing You Do!,1996,Comedy,438,3.470319634703196
1043,1030,To Gillian on Her 37th Birthday,1996,Drama|Romance,93,2.827956989247312
1044,1031,Surviving Picasso,1996,Drama,25,3.44
1045,1032,Love Is All There Is,1996,Comedy|Drama,0,
1046,1033,Beautiful Thing,1996,Drama|Romance,71,4.028169014084507
1047,1034,The Long Kiss Goodnight,1996,Action|Thriller,343,3.4489795918367347
1049,1035,The Ghost and the Darkness,1996,Action|Adventure,351,3.319088319088319
1050,1036,Looking for Richard,1996,Documentary|Drama,122,3.8278688524590163
1051,1037,Trees Lounge,1996,Drama,74,3.391891891891892
1052,1038,The Proprietor,1996,Drama,0,
1053,1039,Normal Life,1996,Crime|Drama,26,2.923076923076923
1054,1040,Get on the Bus,1996,Drama,64,3.34375
1055,1041,Shadow Conspiracy,1997,Thriller,15,2.8
1056,1042,Jude,1996,Drama,37,3.5675675675675675
1057,1043,Everyone Says I Love You,1996,Comedy|Musical|Romance,237,3.548523206751055
1058,1044,Bitter Sugar,1996,Drama,8,3.0
1059,1045,William Shakespeare's Romeo and Juliet,1996,Drama|Romance,382,3.424083769633508
1060,1046,Swingers,1996,Comedy|Drama,627,3.9027113237639552
1061,1047,Sleepers,1996,Crime|Drama,302,3.5231788079470197
1062,1048,The Sunchaser,1996,Drama,2,2.5
1063,1049,Johns,1996,Drama,19,3.3684210526315788
1064,1050,Aladdin and the King of Thieves,1996,Animation|Children's|Comedy,181,2.911602209944751
1065,1051,The Woman in Question,1950,Mystery,0,
1066,1052,Shall We Dance?,1937,Comedy|Musical|Romance,141,4.24822695035461
1067,1053,A Damsel in Distress,1937,Comedy|Musical|Romance,21,3.7142857142857144
1068,1054,Crossfire,1947,Crime|Film-Noir,28,3.607142857142857
1069,1055,"Murder, My Sweet",1944,Film-Noir|Thriller,86,4.058139534883721
1070,1056,Macao,1952,Adventure,1,3.0
1071,1057,For the Moment,1994,Romance|War,5,3.4
1073,1058,Willy Wonka and the Chocolate Factory,1971,Adventure|Children's|Comedy|Fantasy,1052,3.870722433460076
1075,1059,The Sexual Life of the Belgians,1994,Comedy,0,
1076,1060,The Innocents,1961,Thriller,17,3.8823529411764706
1077,1061,Sleeper,1973,Comedy|Sci-Fi,582,3.993127147766323
1078,1062,Bananas,1971,Comedy|War,303,3.8217821782178216
1079,1063,A Fish Called Wanda,1988,Comedy,1036,3.972007722007722
1080,1064,Monty Python's Life of Brian,1979,Comedy,726,4.035812672176308
1081,1065,Victor/Victoria,1982,Comedy|Musical,346,3.592485549132948
1082,1066,The Candidate,1972,Drama,121,3.71900826446281
1083,1067,The Great Race,1965,Comedy|Musical,132,3.5833333333333335
1084,1068,Bonnie and Clyde,1967,Crime|Drama,552,4.128623188405797
1085,1069,The Old Man and the Sea,1958,Adventure|Drama,100,3.72
1086,1070,Dial M for Murder,1954,Mystery|Thriller,298,4.110738255033557
1087,1071,Madame Butterfly,1995,Musical,16,3.375
1088,1072,Dirty Dancing,1987,Musical|Romance,561,3.320855614973262
1089,1073,Reservoir Dogs,1992,Crime|Thriller,1011,4.134520276953511
1090,1074,Platoon,1986,Drama|War,912,4.0910087719298245
1091,1075,Weekend at Bernie's,1989,Comedy,306,2.784313725490196
1092,1076,Basic Instinct,1992,Mystery|Thriller,598,3.520066889632107
1093,1077,The Doors,1991,Drama|Musical,531,3.384180790960452
1094,1078,The Crying Game,1992,Drama|Romance|War,999,3.73973973973974
1095,1079,Glengarry Glen Ross,1992,Drama,451,3.88470066518847
1096,1080,Sophie's Choice,1982,Drama,281,3.9644128113879002
1097,1081,E.T. the Extra-Terrestrial,1982,Children's|Drama|Fantasy|Sci-Fi,1819,3.967564595931831
1098,1082,The Search for One-eye Jimmy,1996,Comedy,5,2.4
1099,1083,A Christmas Carol,1938,Drama,159,3.993710691823899
1100,1084,Days of Thunder,1990,Action|Romance,341,2.812316715542522
1101,1085,Top Gun,1986,Action|Romance,790,3.6481012658227847
1102,1086,American Strays,1996,Action,3,1.3333333333333333
1103,1087,Rebel Without a Cause,1955,Drama,324,3.935185185185185
1104,1088,A Streetcar Named Desire,1951,Drama,387,4.204134366925064
1105,1089,Children of the Corn IV: The Gathering,1996,Horror,33,1.9090909090909092
1106,1090,The Leopard Son,1996,Documentary,0,
1107,1091,Loser,1991,Comedy,3,2.0
1108,1092,Prerokbe Ognja,1995,Documentary,0,
1109,1093,Charm's Incidents,1996,Drama,0,
1110,1094,Bird of Prey,1996,Action,0,
1111,1095,Microcosmos,1996,Documentary,73,4.013698630136986
1112,1096,Palookaville,1996,Action|Drama,30,3.4
1113,1097,The Associate,1996,Comedy,39,3.051282051282051
1114,1098,The Funeral,1996,Drama,28,2.857142857142857
1115,1099,Sleepover,1995,Comedy|Drama,1,1.0
1116,1100,A Single Girl,1995,Drama,15,3.466666666666667
1117,1101,The Eighth Day,1996,Drama,9,4.111111111111111
1118,1102,Tashunga,1995,Adventure|Western,1,2.0
1119,1103,Drunks,1997,Drama,29,3.1379310344827585
1120,1104,The People vs. Larry Flynt,1996,Drama,360,3.588888888888889
1121,1105,Glory Daze,1996,Drama,12,3.1666666666666665
1122,1106,Plutonium Circus,1995,Documentary,0,
1123,1107,A Perfect Candidate,1996,Documentary,28,3.6785714285714284
1124,1108,On Golden Pond,1981,Drama,324,3.75
1125,1109,The Return of the Pink Panther,1974,Comedy,309,3.7411003236245954
1126,1110,Drop Dead Fred,1991,Comedy|Fantasy,261,2.371647509578544
1127,1111,The Abyss,1989,Action|Adventure|Sci-Fi|Thriller,1377,3.674655047204067
1128,1112,The Fog,1980,Horror,138,2.9130434782608696
1129,1113,Escape from New York,1981,Action|Adventure|Sci-Fi|Thriller,715,3.4741258741258743
1130,1114,The Howling,1980,Horror,175,3.2914285714285714
1131,1115,Jean de Florette,1986,Drama,167,4.281437125748503
1132,1116,Manon of the Spring,1986,Drama,178,4.252808988764045
1133,1117,Talking About Sex,1994,Comedy|Drama,2,2.0
1134,1118,Johnny 100 Pesos,1993,Action|Drama,1,3.0
1135,1119,Private Benjamin,1980,Comedy,331,3.187311178247734
1136,1120,Monty Python and the Holy Grail,1974,Comedy,1248,4.337339743589744
1137,1121,Hustler White,1996,Romance,0,
1138,1122,Dadetown,1995,Documentary,6,3.6666666666666665
1139,1123,Everything Relative,1996,Drama,2,4.0
1140,1124,Entertaining Angels: The Dorothy Day Story,1996,Drama,0,
1141,1125,Hoogste tijd,1995,Drama,0,
1142,1126,Get Over It,1996,Drama,2,1.0
1143,1127,Three Lives and Only One Death,1996,Comedy,0,
1144,1128,The Line King: Al Hirschfeld,1996,Documentary,12,3.8333333333333335
1145,1129,Snowriders,1996,Documentary,2,2.5
1146,1130,Curtis's Charm,1995,Comedy|Drama,0,
1147,1131,When We Were Kings,1996,Documentary,221,4.3031674208144794
1148,1132,The Wrong Trousers,1993,Animation|Comedy,702,4.482905982905983
1149,1133,JLG/JLG - autoportrait de décembre,1994,Documentary|Drama,4,3.5
1150,1134,The Return of Martin Guerre,1982,Drama,128,3.953125
1151,1135,Faust,1994,Animation|Comedy|Thriller,24,3.375
1152,1136,He Walked by Night,1948,Crime|Film-Noir|Thriller,23,3.608695652173913
1153,1137,Raw Deal,1948,Film-Noir,10,3.3
1154,1138,T-Men,1947,Film-Noir,12,3.75
1155,1139,The Invitation,1986,Drama,0,
1156,1140,The Children Are Watching us,1942,Drama,0,
1157,1141,"Symphonie pastorale, La",1946,Drama,0,
1158,1142,Here Comes Cookie,1935,Comedy,0,
1159,1143,Love in Bloom,1935,Romance,0,
1160,1144,Six of a Kind,1934,Comedy,6,2.1666666666666665
1161,1145,The Tin Drum,1979,Drama,74,3.9864864864864864
1162,1146,The Ruling Class,1972,Comedy,81,3.9012345679012346
1163,1147,Mina Tannenbaum,1994,Drama,14,2.7857142857142856
1164,1148,Two or Three Things I Know About Her,1966,Drama,4,3.75
1165,1149,The Bloody Child,1996,Drama|Thriller,1,1.0
1166,1150,Farmer & Chase,1995,Comedy,0,
1167,1151,Dear God,1996,Comedy,73,2.9315068493150687
1168,1152,Bad Moon,1996,Horror,16,2.0625
1169,1153,American Dream,1990,Documentary,28,3.642857142857143
1170,1154,Best of the Best 3: No Turning Back,1995,Action,15,1.6666666666666667
1171,1155,Bob Roberts,1992,Comedy,348,3.692528735632184
1172,1156,Cinema Paradiso,1988,Comedy|Drama|Romance,495,4.319191919191919
1173,1157,The Cook the Thief His Wife & Her Lover,1989,Drama,156,3.358974358974359
1174,1158,Grosse Fatigue,1994,Comedy,4,3.75
1175,1159,Delicatessen,1991,Comedy|Sci-Fi,300,3.9966666666666666
1176,1160,The Double Life of Veronique,1991,Drama,105,3.9238095238095236
1177,1161,Enchanted April,1991,Drama,113,3.938053097345133
1178,1162,Paths of Glory,1957,Drama|War,182,4.467032967032967
1179,1163,The Grifters,1990,Crime|Drama|Film-Noir,713,3.799438990182328
1180,1164,Hear My Song,1991,Comedy,39,3.9743589743589745
1181,1165,The Shooter,1995,Action,9,2.888888888888889
1183,1166,The English Patient,1996,Drama|Romance|War,802,3.6184538653366585
1184,1167,Mediterraneo,1991,Comedy|War,69,3.8405797101449277
1185,1168,My Left Foot,1989,Drama,371,3.973045822102426
1186,1169,"Sex, Lies, and Videotape",1989,Drama,441,3.614512471655329
1187,1170,Passion Fish,1992,Drama,121,3.71900826446281
1188,1171,Strictly Ballroom,1992,Comedy|Romance,550,3.9854545454545454
1189,1172,The Thin Blue Line,1988,Documentary,204,4.230392156862745
1190,1173,Tie Me Up! Tie Me Down!,1990,Drama,105,3.4761904761904763
1191,1174,Madonna: Truth or Dare,1991,Documentary,170,3.023529411764706
1192,1175,Paris Is Burning,1990,Documentary,84,3.988095238095238
1193,1176,One Flew Over the Cuckoo's Nest,1975,Drama,1381,4.393917451122375
1194,1177,Up in Smoke,1978,Comedy,174,3.4655172413793105
1196,1178,Star Wars: Episode V - The Empire Strikes Back,1980,Action|Adventure|Drama|Sci-Fi|War,2390,4.293305439330544
1197,1179,The Princess Bride,1987,Action|Adventure|Comedy|Romance,1869,4.302300695559122
1198,1180,Raiders of the Lost Ark,1981,Action|Adventure,2032,4.475393700787402
1199,1181,Brazil,1985,Sci-Fi,727,4.111416781292985
1200,1182,Aliens,1986,Action|Sci-Fi|Thriller|War,1446,4.142461964038728
1201,1183,"The Good, The Bad and The Ugly",1966,Action|Western,673,4.136701337295691
1202,1184,Withnail and I,1987,Comedy,63,3.5555555555555554
1203,1185,12 Angry Men,1957,Drama,502,4.304780876494024
1204,1186,Lawrence of Arabia,1962,Adventure|War,659,4.4112291350531105
1205,1187,The Transformers: The Movie,1986,Action|Animation|Children's|Sci-Fi|Thriller|War,187,3.336898395721925
1206,1188,A Clockwork Orange,1971,Sci-Fi,978,4.063394683026585
1207,1189,To Kill a Mockingbird,1962,Drama,749,4.433911882510014
1208,1190,Apocalypse Now,1979,Drama|War,939,4.225772097976571
1209,1191,Once Upon a Time in the West,1969,Western,138,4.036231884057971
1210,1192,Star Wars: Episode VI - Return of the Jedi,1983,Action|Adventure|Romance|Sci-Fi|War,2316,4.037996545768567
1211,1193,Wings of Desire,1987,Comedy|Drama|Romance,190,4.173684210526316
1212,1194,The Third Man,1949,Mystery|Thriller,387,4.4366925064599485
1213,1195,GoodFellas,1990,Crime|Drama,1327,4.267520723436323
1214,1196,Alien,1979,Action|Horror|Sci-Fi|Thriller,1612,4.160669975186104
1215,1197,Army of Darkness,1993,Action|Adventure|Comedy|Horror|Sci-Fi,754,3.7997347480106103
1216,1198,The Big Blue,1988,Adventure|Romance,75,3.6133333333333333
1217,1199,Ran,1985,Drama|War,264,4.25
1218,1200,The Killer,1989,Action|Thriller,194,4.252577319587629
1219,1201,Psycho,1960,Horror|Thriller,1028,4.213035019455253
1220,1202,The Blues Brothers,1980,Action|Comedy|Musical,1107,3.942186088527552
1221,1203,The Godfather: Part II,1974,Action|Crime|Drama,1357,4.356669123065586
1222,1204,Full Metal Jacket,1987,Action|Drama|War,992,4.101814516129032
1223,1205,A Grand Day Out,1992,Animation|Comedy,403,4.3722084367245655
1224,1206,Henry V,1989,Drama|War,352,4.28125
1225,1207,Amadeus,1984,Drama,1112,4.246402877697841
1226,1208,The Quiet Man,1952,Comedy|Romance,184,4.114130434782608
1227,1209,Once Upon a Time in America,1984,Crime|Drama|Thriller,194,3.850515463917526
1228,1210,Raging Bull,1980,Drama,561,4.165775401069519
1230,1211,Annie Hall,1977,Comedy|Romance,1071,4.140989729225024
1231,1212,The Right Stuff,1983,Drama,589,4.093378607809847
1232,1213,Stalker,1979,Mystery|Sci-Fi,45,3.6666666666666665
1233,1214,The Boat,1981,Action|Drama|War,782,4.291560102301791
1234,1215,The Sting,1973,Comedy|Crime,873,4.3184421534937
1235,1216,Harold and Maude,1971,Comedy,547,4.2157221206581355
1236,1217,Trust,1990,Comedy|Drama,70,4.257142857142857
1237,1218,The Seventh Seal,1957,Drama,236,4.220338983050848
1238,1219,Local Hero,1983,Comedy,301,4.0066445182724255
1240,1220,The Terminator,1984,Action|Sci-Fi|Thriller,1655,4.157703927492447
1241,1221,Braindead,1992,Comedy|Horror,56,3.2857142857142856
1242,1222,Glory,1989,Action|Drama|War,897,4.177257525083612
1243,1223,Rosencrantz and Guildenstern Are Dead,1990,Comedy|Drama,264,3.9507575757575757
1244,1224,Manhattan,1979,Comedy|Drama|Romance,589,4.095076400679117
1245,1225,Miller's Crossing,1990,Drama,285,3.9964912280701754
1246,1226,Dead Poets Society,1989,Drama,683,4.002928257686676
1247,1227,The Graduate,1967,Drama|Romance,988,4.224696356275303
1248,1228,Touch of Evil,1958,Crime|Film-Noir|Thriller,427,4.217798594847775
1249,1229,Nikita,1990,Thriller,587,4.001703577512777
1250,1230,The Bridge on the River Kwai,1957,Drama|War,752,4.381648936170213
1251,1231,8 1/2,1963,Drama,191,4.104712041884817
1252,1232,Chinatown,1974,Film-Noir|Mystery|Thriller,946,4.3160676532769555
1253,1233,The Day the Earth Stood Still,1951,Drama|Sci-Fi,454,4.13215859030837
1254,1234,The Treasure of the Sierra Madre,1948,Adventure,360,4.280555555555556
1255,1235,Bad Taste,1987,Comedy|Horror,44,3.3863636363636362
1256,1236,Duck Soup,1933,Comedy|War,485,4.189690721649485
1257,1237,Better Off Dead...,1985,Comedy,400,3.9375
1258,1238,The Shining,1980,Horror,863,4.123986095017381
1259,1239,Stand by Me,1986,Adventure|Comedy|Drama,1429,4.100769769069279
1260,1240,M,1931,Crime|Film-Noir|Thriller,249,4.27710843373494
1261,1241,Evil Dead II,1987,Action|Adventure|Comedy|Horror,444,3.8626126126126126
1262,1242,The Great Escape,1963,Adventure|War,564,4.375886524822695
1263,1243,The Deer Hunter,1978,Drama|War,542,4.127306273062731
1264,1244,Diva,1981,Action|Drama|Mystery|Romance|Thriller,212,4.084905660377358
1265,1245,Groundhog Day,1993,Comedy|Romance,1782,3.942760942760943
1266,1246,Unforgiven,1992,Western,790,4.084810126582278
1267,1247,The Manchurian Candidate,1962,Film-Noir|Thriller,623,4.346709470304976
1268,1248,Pump Up the Volume,1990,Drama,257,3.509727626459144
1269,1249,Arsenic and Old Lace,1944,Comedy|Mystery|Thriller,538,4.180297397769516
1270,1250,Back to the Future,1985,Comedy|Sci-Fi,2098,3.9857006673021926
1271,1251,Fried Green Tomatoes,1991,Drama,462,3.7813852813852815
1272,1252,Patton,1970,Drama|War,519,4.25626204238921
1273,1253,Down by Law,1986,Comedy|Drama,118,3.940677966101695
1274,1254,Akira,1988,Adventure|Animation|Sci-Fi|Thriller,361,3.955678670360111
1275,1255,Highlander,1986,Action|Adventure,578,3.809688581314879
1276,1256,Cool Hand Luke,1967,Comedy|Drama,753,4.229747675962815
1277,1257,Cyrano de Bergerac,1990,Action|Drama|Romance,285,3.9368421052631577
1278,1258,Young Frankenstein,1974,Comedy|Horror,943,4.2439024390243905
1279,1259,Night on Earth,1991,Comedy|Drama,161,3.8074534161490683
1280,1260,Raise the Red Lantern,1991,Drama,215,4.2046511627906975
1281,1261,The Great Dictator,1940,Comedy,166,4.054216867469879
1282,1262,Fantasia,1940,Animation|Children's|Musical,758,3.9129287598944593
1283,1263,High Noon,1952,Western,333,4.168168168168168
1284,1264,The Big Sleep,1946,Film-Noir|Mystery,436,4.3004587155963305
1285,1265,Heathers,1989,Comedy,637,3.7990580847723705
1286,1266,Somewhere in Time,1980,Drama|Romance,223,3.5829596412556053
1287,1267,Ben-Hur,1959,Action|Adventure|Drama,531,4.107344632768362
1288,1268,This Is Spinal Tap,1984,Comedy|Drama|Musical,895,4.177653631284916
1289,1269,Koyaanisqatsi,1983,Documentary|War,143,3.944055944055944
1290,1270,Some Kind of Wonderful,1987,Drama|Romance,195,3.6307692307692307
1291,1271,Indiana Jones and the Last Crusade,1989,Action|Adventure,1315,4.139163498098859
1292,1272,Being There,1979,Comedy,472,4.008474576271187
1293,1273,Gandhi,1982,Drama,533,4.157598499061914
1294,1274,M*A*S*H,1970,Comedy|War,876,4.1312785388127855
1295,1275,The Unbearable Lightness of Being,1988,Drama,205,3.6097560975609757
1296,1276,A Room with a View,1986,Drama|Romance,452,3.9867256637168142
1297,1277,Real Genius,1985,Comedy,330,3.709090909090909
1298,1278,Pink Floyd - The Wall,1982,Drama|Musical|War,299,3.6622073578595318
1299,1279,The Killing Fields,1984,Drama|War,613,4.239804241435563
1300,1280,My Life as a Dog,1985,Drama,268,4.17910447761194
1301,1281,Forbidden Planet,1956,Sci-Fi,294,3.95578231292517
1302,1282,Field of Dreams,1989,Drama,587,3.9233390119250426
1303,1283,The Man Who Would Be King,1975,Adventure,246,4.126016260162602
1304,1284,Butch Cassidy and the Sundance Kid,1969,Action|Comedy|Western,1144,4.216783216783217
1305,1285,"Paris, Texas",1984,Drama,96,3.71875
1306,1286,Until the End of the World,1991,Drama|Sci-Fi,102,3.607843137254902
1307,1287,When Harry Met Sally...,1989,Comedy|Romance,1222,4.067921440261866
1308,1288,I Shot a Man in Vegas,1995,Comedy,0,
1309,1289,Parallel Sons,1995,Drama|Romance,0,
1310,1290,Hype!,1996,Documentary,30,3.7666666666666666
1311,1291,Santa with Muscles,1996,Comedy,5,1.0
1312,1292,Female Perversions,1996,Drama,26,3.1923076923076925
1313,1293,Mad Dog Time,1996,Crime,8,2.25
1314,1294,Breathing Room,1996,Romance,0,
1315,1295,Paris Was a Woman,1995,Documentary,3,2.3333333333333335
1316,1296,Anna,1996,Drama,1,4.0
1317,1297,I'm Not Rappaport,1996,Comedy,33,3.212121212121212
1318,1298,Blue Juice,1995,Comedy|Drama,0,
1319,1299,Kids of Survival,1993,Documentary,0,
1320,1300,Alien³,1992,Action|Horror|Sci-Fi|Thriller,746,2.9959785522788205
1321,1301,An American Werewolf in London,1981,Horror,433,3.76905311778291
1322,1302,Amityville 1992: It's About Time,1992,Horror,16,1.75
1323,1303,Amityville 3-D,1983,Horror,33,1.3333333333333333
1324,1304,Amityville: Dollhouse,1996,Horror,14,1.8571428571428572
1325,1305,Amityville: A New Generation,1993,Horror,17,1.6470588235294117
1326,1306,Amityville II: The Possession,1982,Horror,40,2.15
1327,1307,The Amityville Horror,1979,Horror,276,2.963768115942029
1328,1308,The Amityville Curse,1990,Horror,22,1.9545454545454546
1329,1309,Blood For Dracula,1974,Horror,28,2.5714285714285716
1330,1310,April Fool's Day,1986,Comedy|Horror,95,3.0210526315789474
1331,1311,Audrey Rose,1977,Horror,45,3.1333333333333333
1332,1312,The Believers,1987,Horror|Thriller,82,2.841463414634146
1333,1313,The Birds,1963,Horror,600,3.8933333333333335
1334,1314,The Blob,1958,Horror|Sci-Fi,276,3.1449275362318843
1335,1315,Blood Beach,1981,Action|Horror,18,1.7222222222222223
1336,1316,Body Parts,1991,Horror,42,2.1666666666666665
1337,1317,The Body Snatcher,1945,Horror,49,3.63265306122449
1339,1318,Bram Stoker's Dracula,1992,Horror|Romance,553,3.338155515370705
1340,1319,Bride of Frankenstein,1935,Horror,176,3.9375
1341,1320,Burnt Offerings,1976,Horror,41,2.8048780487804876
1342,1321,Candyman,1992,Horror,213,2.8732394366197185
1343,1322,Cape Fear,1991,Thriller,569,3.6766256590509667
1344,1323,Cape Fear,1962,Film-Noir|Thriller,305,3.9508196721311477
1345,1324,Carrie,1976,Horror,450,3.6155555555555554
1346,1325,Cat People,1982,Horror,141,3.219858156028369
1347,1326,A Nightmare on Elm Street,1984,Horror,354,3.5084745762711864
1348,1327,Nosferatu,1922,Horror,182,3.9835164835164836
1349,1328,Nosferatu a Venezia,1986,Horror,10,2.8
1350,1329,The Omen,1976,Horror,334,3.6497005988023954
1351,1330,Blood & Wine,1997,Drama,29,3.3793103448275863
1352,1331,Albino Alligator,1996,Crime|Thriller,75,2.8133333333333335
1353,1332,The Mirror Has Two Faces,1996,Comedy|Romance,144,3.048611111111111
1354,1333,Breaking the Waves,1996,Drama,217,3.8986175115207375
1355,1334,Nightwatch,1997,Horror|Thriller,55,2.963636363636364
1356,1335,Star Trek: First Contact,1996,Action|Adventure|Sci-Fi,1076,3.7137546468401488
1357,1336,Shine,1996,Drama|Romance,424,3.8207547169811322
1358,1337,Sling Blade,1996,Drama|Thriller,934,4.21306209850107
1359,1338,Jingle All the Way,1996,Adventure|Children's|Comedy,183,2.546448087431694
1360,1339,Identification of a Woman,1982,Drama,1,2.0
1361,1340,Paradise Lost: The Child Murders at Robin Hood Hills,1996,Documentary,122,4.188524590163935
1362,1341,The Garden of Finzi-Contini,1970,Drama,78,4.012820512820513
1363,1342,The Preacher's Wife,1996,Drama,81,3.0
1364,1343,Zero Kelvin,1995,Action,2,3.5
1365,1344,Ridicule,1996,Drama,43,3.953488372093023
1366,1345,The Crucible,1996,Drama,94,3.234042553191489
1367,1346,101 Dalmatians,1996,Children's|Comedy,290,3.089655172413793
1368,1347,The Forbidden Christ,1950,Drama,0,
1369,1348,I Can't Sleep,1994,Drama|Thriller,4,3.75
1370,1349,Die Hard 2,1990,Action|Thriller,883,3.52321630804077
1371,1350,Star Trek: The Motion Picture,1979,Action|Adventure|Sci-Fi,618,3.1666666666666665
1372,1351,Star Trek VI: The Undiscovered Country,1991,Action|Adventure|Sci-Fi,812,3.41871921182266
1373,1352,Star Trek V: The Final Frontier,1989,Action|Adventure|Sci-Fi,474,2.7742616033755274
1374,1353,Star Trek: The Wrath of Khan,1982,Action|Adventure|Sci-Fi,1146,3.8656195462478187
1375,1354,Star Trek III: The Search for Spock,1984,Action|Adventure|Sci-Fi,746,3.359249329758713
1376,1355,Star Trek IV: The Voyage Home,1986,Action|Adventure|Sci-Fi,875,3.6674285714285713
1377,1356,Batman Returns,1992,Action|Adventure|Comedy|Crime,829,2.9613992762364294
1378,1357,Young Guns,1988,Action|Comedy|Western,437,3.393592677345538
1379,1358,Young Guns II,1990,Action|Comedy|Western,312,2.951923076923077
1380,1359,Grease,1978,Comedy|Musical|Romance,648,3.5462962962962963
1381,1360,Grease 2,1982,Comedy|Musical|Romance,241,1.991701244813278
1382,1361,Marked for Death,1990,Action|Drama,100,2.74
1383,1362,Adrenalin: Fear the Rush,1996,Action|Sci-Fi,9,1.5555555555555556
1384,1363,The Substance of Fire,1996,Drama,5,3.8
1385,1364,Under Siege,1992,Action,363,3.2258953168044076
1386,1365,Terror in a Texas Town,1958,Western,1,1.0
1387,1366,Jaws,1975,Action|Horror,1350,4.08074074074074
1388,1367,Jaws 2,1978,Action|Horror,291,2.604810996563574
1389,1368,Jaws 3-D,1983,Action|Horror,173,1.861271676300578
1390,1369,My Fellow Americans,1996,Comedy,94,3.297872340425532
1391,1370,Mars Attacks!,1996,Action|Comedy|Sci-Fi|War,867,2.865051903114187
1392,1371,Citizen Ruth,1996,Comedy|Drama,182,3.730769230769231
1393,1372,Jerry Maguire,1996,Drama|Romance,1089,3.761248852157943
1394,1373,Raising Arizona,1987,Comedy,1155,4.012987012987013
1395,1374,Tin Men,1987,Comedy|Drama,228,3.337719298245614
1396,1375,Sneakers,1992,Crime|Drama|Sci-Fi,849,3.711425206124853
1397,1376,Bastard Out of Carolina,1996,Drama,48,3.6041666666666665
1398,1377,In Love and War,1996,Romance|War,52,3.1538461538461537
1399,1378,Marvin's Room,1996,Drama,86,3.1744186046511627
1400,1379,Somebody is Waiting,1996,Drama,0,
1401,1380,Ghosts of Mississippi,1996,Drama,135,3.5185185185185186
1404,1381,Night Falls on Manhattan,1997,Crime|Drama,59,3.169491525423729
1405,1382,Beavis and Butt-head Do America,1996,Animation|Comedy,385,2.9740259740259742
1406,1383,"Cérémonie, La",1995,Drama,20,3.35
1407,1384,Scream,1996,Horror|Thriller,718,3.566852367688022
1408,1385,The Last of the Mohicans,1992,Action|Romance|War,813,3.8081180811808117
1409,1386,Michael,1996,Comedy|Romance,303,3.0231023102310233
1410,1387,The Evening Star,1996,Comedy|Drama,75,2.933333333333333
1411,1388,Hamlet,1996,Drama,288,4.006944444444445
1412,1389,Some Mother's Son,1996,Drama,16,3.875
1413,1390,The Whole Wide World,1996,Drama,39,3.3846153846153846
1414,1391,Mother,1996,Comedy,135,3.577777777777778
1415,1392,Thieves,1996,Crime|Drama|Romance,27,3.6296296296296298
1416,1393,Evita,1996,Drama|Musical,213,3.3333333333333335
1417,1394,The Portrait of a Lady,1996,Drama,37,2.810810810810811
1419,1395,Walkabout,1971,Drama,110,3.9909090909090907
1420,1396,Message to Love: The Isle of Wight Festival,1996,Documentary,2,3.5
1421,1397,Grateful Dead,1995,Documentary,20,2.95
1422,1398,Murder at 1600,1997,Mystery|Thriller,226,3.0309734513274336
1423,1399,Hearts and Minds,1996,Drama,11,4.181818181818182
1424,1400,Inside,1996,Action,0,
1425,1401,Fierce Creatures,1997,Comedy,135,3.3407407407407406
1426,1402,Zeus and Roxanne,1997,Children's,17,2.6470588235294117
1427,1403,Turbulence,1997,Thriller,41,2.341463414634146
1428,1404,Angel Baby,1995,Drama,37,3.3513513513513513
1429,1405,Jackie Chan's First Strike,1996,Action,244,3.3237704918032787
1430,1406,Underworld,1997,Thriller,1,1.0
1431,1407,Beverly Hills Ninja,1997,Action|Comedy,188,2.5425531914893615
1432,1408,Metro,1997,Action,81,2.7037037037037037
1433,1409,The Machine,1994,Comedy|Horror,3,1.0
1434,1410,The Stranger,1994,Action,2,4.0
1436,1411,Falling in Love Again,1980,Comedy,8,2.875
1437,1412,The Cement Garden,1993,Drama,14,3.0714285714285716
1438,1413,Dante's Peak,1997,Action|Thriller,268,2.779850746268657
1439,1414,Meet Wally Sparks,1997,Comedy,40,2.45
1440,1415,Amos & Andrew,1993,Comedy,66,2.696969696969697
1441,1416,Benny & Joon,1993,Comedy|Romance,394,3.479695431472081
1442,1417,Prefontaine,1997,Drama,49,3.1020408163265305
1443,1418,A Tickle in the Heart,1996,Documentary,0,
1444,1419,Guantanamera,1994,Comedy,8,3.375
1445,1420,McHale's Navy,1997,Comedy|War,129,2.255813953488372
1446,1421,Kolya,1996,Comedy,150,4.073333333333333
1447,1422,Gridlock'd,1997,Crime,41,3.4634146341463414
1448,1423,Fire on the Mountain,1996,Documentary,0,
1449,1424,Waiting for Guffman,1996,Comedy,370,4.140540540540541
1450,1425,Prisoner of the Mountains,1996,War,12,3.6666666666666665
1453,1426,The Beautician and the Beast,1997,Comedy|Romance,116,2.5
1454,1427,SubUrbia,1997,Comedy,66,3.1818181818181817
1455,1428,Hotel de Love,1996,Comedy|Romance,16,2.4375
1456,1429,The Pest,1997,Comedy,53,2.2264150943396226
1457,1430,Fools Rush In,1997,Comedy|Romance,209,3.0813397129186604
1458,1431,Touch,1997,Romance,19,2.6842105263157894
1459,1432,Absolute Power,1997,Mystery|Thriller,295,3.369491525423729
1460,1433,That Darn Cat!,1997,Children's|Comedy|Mystery,76,2.736842105263158
1461,1434,Vegas Vacation,1997,Comedy,167,2.6347305389221556
1462,1435,Unforgotten: Twenty-Five Years After Willowbrook,1996,Documentary,0,
1463,1436,That Old Feeling,1997,Comedy|Romance,21,3.0
1464,1437,Lost Highway,1997,Mystery,119,3.361344537815126
1465,1438,Rosewood,1997,Drama,108,3.490740740740741
1466,1439,Donnie Brasco,1997,Crime|Drama,567,3.800705467372134
1467,1440,Salut cousin!,1996,Comedy|Drama,0,
1468,1441,Booty Call,1997,Comedy|Romance,118,2.4491525423728815
1470,1442,Rhyme & Reason,1997,Documentary,1,4.0
1471,1443,Boys Life 2,1997,Drama,5,3.4
1472,1444,City of Industry,1997,Crime|Thriller,38,3.210526315789474
1473,1445,Best Men,1997,Action|Comedy|Crime|Drama,31,2.967741935483871
1474,1446,Jungle2Jungle,1997,Children's|Comedy,119,2.436974789915966
1475,1447,Kama Sutra: A Tale of Love,1996,Romance,63,3.142857142857143
1476,1448,Private Parts,1997,Comedy|Drama,403,3.4615384615384617
1477,1449,Love Jones,1997,Romance,23,3.391304347826087
1479,1450,The Saint,1997,Action|Romance|Thriller,461,3.210412147505423
1480,1451,Smilla's Sense of Snow,1997,Action|Drama|Thriller,217,3.23963133640553
1482,1452,The Van,1996,Comedy|Drama,52,3.3461538461538463
1483,1453,Crash,1996,Drama|Thriller,122,2.7868852459016393
1484,1454,The Daytrippers,1996,Mystery,105,3.704761904761905
1485,1455,Liar Liar,1997,Comedy,530,3.4962264150943394
1486,1456,The Quiet Room,1996,Drama,6,3.3333333333333335
1487,1457,Selena,1997,Drama|Musical,131,3.053435114503817
1488,1458,The Devil's Own,1997,Action|Drama|Thriller|War,229,2.8384279475982535
1489,1459,Cats Don't Dance,1997,Animation|Children's|Musical,29,2.5517241379310347
1490,1460,B*A*P*S,1997,Comedy,23,1.7391304347826086
1493,1461,Love and Other Catastrophes,1996,Romance,11,3.1818181818181817
1494,1462,The Sixth Man,1997,Comedy,14,2.5714285714285716
1495,1463,Turbo: A Power Rangers Movie,1997,Action|Adventure|Children's,32,1.25
1496,1464,Anna Karenina,1997,Drama|Romance,22,3.227272727272727
1497,1465,Double Team,1997,Action,40,1.95
1498,1466,Inventing the Abbotts,1997,Drama|Romance,111,3.144144144144144
1499,1467,Anaconda,1997,Action|Adventure|Thriller,311,2.22508038585209
1500,1468,Grosse Pointe Blank,1997,Comedy|Crime,908,3.8127753303964758
1501,1469,Keys to Tulsa,1997,Crime,12,2.25
1502,1470,Kissed,1996,Romance,13,3.076923076923077
1503,1471,8 Heads in a Duffel Bag,1997,Comedy,109,2.36697247706422
1504,1472,Hollow Reed,1996,Drama,14,3.357142857142857
1507,1473,Paradise Road,1997,Drama|War,37,3.3513513513513513
1508,1474,Traveller,1997,Drama,28,3.2142857142857144
1509,1475,All Over Me,1997,Drama,13,3.6153846153846154
1510,1476,A Brother's Kiss,1997,Drama,1,3.0
1511,1477,A Chef in Love,1996,Comedy,19,3.6842105263157894
1513,1478,Romy and Michele's High School Reunion,1997,Comedy,610,3.044262295081967
1514,1479,Temptress Moon,1996,Romance,6,2.8333333333333335
1515,1480,Volcano,1997,Drama|Thriller,152,2.5789473684210527
1516,1481,Children of the Revolution,1996,Comedy,44,3.7045454545454546
1517,1482,Austin Powers: International Man of Mystery,1997,Comedy,949,3.733403582718651
1518,1483,Breakdown,1997,Action|Thriller,284,3.4119718309859155
1519,1484,Broken English,1996,Drama,4,3.75
1520,1485,Commandments,1997,Romance,12,2.4166666666666665
1522,1486,Ripe,1996,Drama,6,2.3333333333333335
1523,1487,"Truth or Consequences, N.M.",1997,Action|Crime|Romance,45,2.6444444444444444
1524,1488,The Turning,1992,Drama,0,
1525,1489,Warriors of Virtue,1997,Action|Adventure|Children's|Fantasy,31,2.032258064516129
1526,1490,Fathers' Day,1997,Comedy,71,2.408450704225352
1527,1491,The Fifth Element,1997,Action|Sci-Fi,1084,3.635608856088561
1528,1492,Intimate Relations,1996,Comedy,2,2.0
1529,1493,Nowhere,1997,Drama,26,3.3846153846153846
1531,1494,Losing Chase,1996,Drama,10,3.6
1532,1495,Sprung,1997,Comedy,4,2.5
1533,1496,The Promise,1996,Drama,19,3.8947368421052633
1534,1497,"Bonheur, Le",1965,Drama,5,3.4
1535,1498,Love! Valour! Compassion!,1997,Drama|Romance,73,3.506849315068493
1537,1499,Shall We Dance?,1996,Comedy,282,4.117021276595745
1538,1500,The Second Jungle Book: Mowgli & Baloo,1997,Adventure|Children's,5,1.8
1539,1501,Twin Town,1997,Comedy|Crime,7,2.857142857142857
1541,1502,Addicted to Love,1997,Comedy|Romance,190,3.094736842105263
1542,1503,Brassed Off,1996,Comedy|Drama|Romance,195,3.4923076923076923
1543,1504,The Designated Mourner,1997,Drama,7,3.2857142857142856
1544,1505,The Lost World: Jurassic Park,1997,Action|Adventure|Sci-Fi|Thriller,998,3.06312625250501
1545,1506,Ponette,1996,Drama,51,4.0588235294117645
1546,1507,Schizopolis,1996,Comedy,33,4.090909090909091
1547,1508,Shiloh,1997,Children's|Drama,35,3.3142857142857145
1548,1509,The War at Home,1996,Drama,1,2.0
1549,1510,Rough Magic,1995,Drama|Romance,15,2.8
1550,1511,Trial and Error,1997,Comedy|Romance,56,2.6607142857142856
1551,1512,Buddy,1997,Adventure|Children's|Drama,30,2.8666666666666667
1552,1513,Con Air,1997,Action|Adventure|Thriller,755,3.279470198675497
1553,1514,Late Bloomers,1996,Comedy,3,3.0
1554,1515,The Pillow Book,1995,Drama|Romance,109,3.4220183486238533
1555,1516,"To Have, or Not",1995,Drama,2,3.0
1556,1517,Speed 2: Cruise Control,1997,Action|Romance|Thriller,291,1.8453608247422681
1557,1518,Squeeze,1996,Drama,0,
1558,1519,Sudden Manhattan,1996,Comedy,2,1.5
1559,1520,The Next Step,1995,Drama,0,
1561,1521,Wedding Bell Blues,1996,Comedy,4,3.25
1562,1522,Batman & Robin,1997,Action|Adventure|Crime,497,2.2354124748490944
1563,1523,Dream With the Fishes,1997,Drama,29,3.586206896551724
1564,1524,Roseanna's Grave,1997,Comedy|Romance,28,3.857142857142857
1565,1525,Head Above Water,1996,Comedy|Thriller,14,2.857142857142857
1566,1526,Hercules,1997,Adventure|Animation|Children's|Comedy|Musical,370,3.2756756756756755
1567,1527,The Last Time I Committed Suicide,1997,Drama,7,3.4285714285714284
1568,1528,MURDER and murder,1996,Crime|Drama|Mystery,0,
1569,1529,My Best Friend's Wedding,1997,Comedy|Romance,649,3.4129429892141756
1570,1530,Tetsuo II: Body Hammer,1992,Sci-Fi,20,3.25
1571,1531,When the Cats Away,1996,Comedy|Romance,35,4.085714285714285
1572,1532,Contempt,1963,Drama,22,3.6818181818181817
1573,1533,Face/Off,1997,Action|Sci-Fi|Thriller,1139,3.3863037752414398
1574,1534,Fall,1997,Romance,11,2.8181818181818183
1575,1535,Gabbeh,1996,Drama,12,3.25
1577,1536,Mondo,1996,Drama,0,
1578,1537,The Innocent Sleep,1995,Crime,0,
1579,1538,For Ever Mozart,1996,Drama,1,3.0
1580,1539,Men in Black,1997,Action|Adventure|Comedy|Sci-Fi,2034,3.746804326450344
1581,1540,Out to Sea,1997,Comedy,45,2.8222222222222224
1582,1541,Wild America,1997,Adventure|Children's,48,3.0833333333333335
1583,1542,A Simple Wish,1997,Children's|Fantasy,23,2.782608695652174
1584,1543,Contact,1997,Drama|Sci-Fi,1089,3.758494031221304
1585,1544,Love Serenade,1996,Comedy,24,3.0833333333333335
1586,1545,G.I. Jane,1997,Action|Drama|War,461,3.0412147505422995
1587,1546,Conan the Barbarian,1982,Action|Adventure,468,3.388888888888889
1588,1547,George of the Jungle,1997,Children's|Comedy,226,3.066371681415929
1589,1548,Cop Land,1997,Crime|Drama|Mystery,388,3.3711340206185567
1590,1549,Event Horizon,1997,Action|Mystery|Sci-Fi|Thriller,389,2.506426735218509
1591,1550,Spawn,1997,Action|Adventure|Sci-Fi|Thriller,389,2.619537275064267
1592,1551,Air Bud,1997,Children's|Comedy,90,2.5
1593,1552,Picture Perfect,1997,Comedy|Romance,122,2.819672131147541
1594,1553,In the Company of Men,1997,Drama,262,3.8282442748091605
1595,1554,Free Willy 3: The Rescue,1997,Adventure|Children's|Drama,53,1.6981132075471699
1596,1555,Career Girls,1997,Drama,26,3.6538461538461537
1597,1556,Conspiracy Theory,1997,Action|Mystery|Romance|Thriller,662,3.4138972809667676
1598,1557,Desperate Measures,1998,Crime|Drama|Thriller,87,2.689655172413793
1599,1558,Steel,1997,Action,56,1.7142857142857142
1600,1559,She's So Lovely,1997,Drama|Romance,69,2.927536231884058
1601,1560,Hoodlum,1997,Crime|Drama|Film-Noir,55,2.581818181818182
1602,1561,Leave It to Beaver,1997,Comedy,35,2.1142857142857143
1603,1562,Mimic,1997,Sci-Fi|Thriller,276,2.927536231884058
1604,1563,Money Talks,1997,Action|Comedy,60,2.7666666666666666
1605,1564,Excess Baggage,1997,Adventure|Romance,74,2.608108108108108
1606,1565,Kull the Conqueror,1997,Action|Adventure,85,2.3058823529411763
1608,1566,Air Force One,1997,Action|Thriller,863,3.577056778679027
1609,1567,187,1997,Drama,49,2.7755102040816326
1610,1568,The Hunt for Red October,1990,Action|Thriller,1303,4.054489639293937
1611,1569,My Own Private Idaho,1991,Drama,189,3.365079365079365
1612,1570,"Kiss Me, Guido",1997,Comedy,46,3.282608695652174
1613,1571,Star Maps,1997,Drama,25,2.88
1614,1572,In & Out,1997,Comedy,333,3.2972972972972974
1615,1573,The Edge,1997,Adventure|Thriller,179,3.5865921787709496
1616,1574,The Peacemaker,1997,Action|Thriller|War,311,3.054662379421222
1617,1575,L.A. Confidential,1997,Crime|Film-Noir|Mystery|Thriller,1830,4.213661202185793
1619,1576,Seven Years in Tibet,1997,Drama|War,293,3.42320819112628
1620,1577,Kiss the Girls,1997,Crime|Drama|Thriller,305,3.3377049180327867
1621,1578,Soul Food,1997,Drama,61,3.262295081967213
1622,1579,Kicked in the Head,1997,Comedy|Drama,3,2.6666666666666665
1623,1580,Wishmaster,1997,Horror,104,2.2788461538461537
1624,1581,A Thousand Acres,1997,Drama,40,2.7
1625,1582,The Game,1997,Mystery|Thriller,708,3.922316384180791
1626,1583,Fire Down Below,1997,Action|Drama|Thriller,62,2.532258064516129
1627,1584,U Turn,1997,Action|Crime|Mystery,201,3.0696517412935322
1628,1585,The Locusts,1997,Drama,0,
1629,1586,The MatchMaker,1997,Comedy|Romance,92,3.032608695652174
1630,1587,The Lay of the Land,1997,Comedy|Drama,0,
1631,1588,The Assignment,1997,Thriller,37,3.5405405405405403
1632,1589,A Smile Like Yours,1997,Comedy|Romance,13,2.3846153846153846
1633,1590,Ulee's Gold,1997,Drama,205,3.6146341463414635
1635,1591,The Ice Storm,1997,Drama,395,3.8151898734177214
1636,1592,Stag,1997,Action|Thriller,4,2.25
1639,1593,Chasing Amy,1997,Drama|Romance,772,3.784974093264249
1640,1594,How to Be a Player,1997,Comedy,70,2.5428571428571427
1641,1595,The Full Monty,1997,Comedy,951,3.8696109358569926
1642,1596,Indian Summer,1996,Comedy|Drama,56,3.017857142857143
1643,1597,Mrs. Brown,1997,Drama|Romance,212,3.8962264150943398
1644,1598,I Know What You Did Last Summer,1997,Horror|Mystery|Thriller,374,2.641711229946524
1645,1599,The Devil's Advocate,1997,Crime|Horror|Mystery|Thriller,652,3.4125766871165646
1646,1600,Rocket Man,1997,Comedy,64,2.65625
1647,1601,Playing God,1997,Crime|Thriller,79,2.8354430379746836
1648,1602,The House of Yes,1997,Comedy|Drama|Thriller,159,3.4654088050314464
1649,1603,"Fast, Cheap & Out of Control",1997,Documentary,154,3.831168831168831
1650,1604,Washington Square,1997,Drama,38,3.3947368421052633
1651,1605,Telling Lies in America,1997,Drama,14,3.0
1652,1606,Year of the Horse,1997,Documentary,3,3.3333333333333335
1653,1607,Gattaca,1997,Drama|Sci-Fi|Thriller,856,3.717289719626168
1654,1608,FairyTale: A True Story,1997,Children's|Drama|Fantasy,67,3.3134328358208953
1655,1609,Phantoms,1998,Horror,66,2.409090909090909
1656,1610,Swept from the Sea,1997,Romance,12,3.4166666666666665
1657,1611,Wonderland,1997,Documentary,19,3.526315789473684
1658,1612,A Life Less Ordinary,1997,Romance|Thriller,98,3.2142857142857144
1659,1613,Hurricane Streets,1998,Drama,6,3.0
1660,1614,Eve's Bayou,1997,Drama,148,3.560810810810811
1661,1615,Switchback,1997,Thriller,64,3.25
1662,1616,Gang Related,1997,Crime,12,2.75
1663,1617,Stripes,1981,Comedy,585,3.8376068376068377
1664,1618,Nénette et Boni,1996,Drama,3,4.333333333333333
1665,1619,Bean,1997,Comedy,161,2.701863354037267
1666,1620,Hugo Pool,1997,Romance,16,2.6875
1667,1621,Mad City,1997,Action|Drama,86,2.7674418604651163
1668,1622,One Night Stand,1997,Drama,30,2.433333333333333
1669,1623,The Tango Lesson,1997,Romance,28,3.5
1670,1624,Welcome To Sarajevo,1997,Drama|War,61,3.4754098360655736
1671,1625,Deceiver,1997,Crime,18,3.2777777777777777
1672,1626,The Rainmaker,1997,Drama,253,3.549407114624506
1673,1627,Boogie Nights,1997,Drama,886,3.7663656884875847
1674,1628,Witness,1985,Drama|Romance|Thriller,857,4.002333722287048
1675,1629,Incognito,1997,Crime|Thriller,8,2.875
1676,1630,Starship Troopers,1997,Action|Adventure|Sci-Fi|War,938,3.124733475479744
1677,1631,Critical Care,1997,Comedy,30,2.7666666666666666
1678,1632,The Joy Luck Club,1993,Drama,373,3.8579088471849867
1679,1633,Chairman of the Board,1998,Comedy,18,2.0
1680,1634,Sliding Doors,1998,Drama|Romance,392,3.7933673469387754
1681,1635,Mortal Kombat: Annihilation,1997,Action|Adventure,99,2.1616161616161618
1682,1636,The Truman Show,1998,Drama,825,3.8824242424242423
1683,1637,The Wings of the Dove,1997,Drama|Romance|Thriller,171,3.754385964912281
1684,1638,Mrs. Dalloway,1997,Romance,45,3.7111111111111112
1685,1639,"I Love You, I Love You Not",1996,Romance,5,3.4
1686,1640,Red Corner,1997,Crime|Thriller,88,3.1363636363636362
1687,1641,The Jackal,1997,Action|Thriller,266,3.011278195488722
1688,1642,Anastasia,1997,Animation|Children's|Musical,257,3.529182879377432
1689,1643,The Man Who Knew Too Little,1997,Comedy|Mystery,192,3.1354166666666665
1690,1644,Alien: Resurrection,1997,Action|Horror|Sci-Fi,616,2.9448051948051948
1692,1645,Alien Escape,1995,Horror|Sci-Fi,14,2.642857142857143
1693,1646,Amistad,1997,Drama,286,3.7132867132867133
1694,1647,The Apostle,1997,Drama,374,3.7379679144385025
1695,1648,Artemisia,1997,Drama,27,3.7037037037037037
1696,1649,Bent,1997,Drama|War,21,3.6666666666666665
1697,1650,The Big Bang Theory,1994,Crime,0,
1698,1651,"Boys, Les",1997,Comedy,0,
1699,1652,The Butcher Boy,1998,Drama,127,3.5118110236220472
1701,1653,Deconstructing Harry,1997,Comedy|Drama,225,3.4133333333333336
1702,1654,Flubber,1997,Children's|Comedy|Fantasy,238,2.563025210084034
1703,1655,For Richer or Poorer,1997,Comedy,51,3.0
1704,1656,Good Will Hunting,1997,Drama,1228,4.1612377850162865
1705,1657,Guy,1996,Drama,0,
1706,1658,Harlem River Drive,1996,Drama,0,
1707,1659,Home Alone 3,1997,Children's|Comedy,127,1.7401574803149606
1708,1660,Ill Gotten Gains,1997,Drama,0,
1709,1661,Legal Deceit,1997,Thriller,0,
1710,1662,Man of Her Dreams,1996,Drama,0,
1711,1663,Midnight in the Garden of Good and Evil,1997,Comedy|Crime|Drama|Mystery,494,3.269230769230769
1713,1664,Mouse Hunt,1997,Children's|Comedy,191,3.026178010471204
1714,1665,Never Met Picasso,1996,Romance,1,2.0
1715,1666,Office Killer,1997,Thriller,13,3.0
1716,1667,"Other Voices, Other Rooms",1997,Drama,0,
1717,1668,Scream 2,1997,Horror|Thriller,358,2.9273743016759775
1718,1669,Stranger in the House,1997,Thriller,6,2.5
1719,1670,The Sweet Hereafter,1997,Drama,302,4.033112582781457
1720,1671,Time Tracers,1995,Action|Adventure|Sci-Fi,5,1.4
1721,1672,Titanic,1997,Drama|Romance,1267,3.595106550907656
1722,1673,Tomorrow Never Dies,1997,Action|Romance|Thriller,681,3.4111600587371513
1723,1674,Twisted,1996,Comedy|Drama,0,
1724,1675,Full Speed,1996,Drama,1,3.0
1725,1676,The Education of Little Tree,1997,Drama,18,3.8333333333333335
1726,1677,The Postman,1997,Drama,105,2.7523809523809524
1727,1678,The Horse Whisperer,1998,Drama,172,3.255813953488372
1728,1679,The Winter Guest,1997,Drama,16,3.375
1729,1680,Jackie Brown,1997,Crime|Drama,580,3.663793103448276
1730,1681,Kundun,1997,Drama,148,3.675675675675676
1731,1682,Mr. Magoo,1997,Comedy,50,1.92
1732,1683,The Big Lebowski,1998,Comedy|Crime|Mystery|Thriller,878,3.7414578587699316
1733,1684,Afterglow,1997,Drama|Romance,69,3.101449275362319
1734,1685,My Life in Pink,1997,Comedy|Drama,155,3.858064516129032
1735,1686,Great Expectations,1998,Drama|Romance,205,3.234146341463415
1738,1687,Vermin,1998,Comedy,0,
1739,1688,3 Ninjas: High Noon On Mega Mountain,1998,Action|Children's,36,1.3611111111111112
1740,1689,Men of Means,1998,Action|Drama,0,
1741,1690,Midaq Alley,1995,Drama,4,3.75
1742,1691,Caught Up,1998,Crime,0,
1743,1692,Arguing the World,1996,Documentary,9,3.6666666666666665
1744,1693,Firestorm,1998,Action|Adventure|Thriller,63,2.619047619047619
1746,1694,Senseless,1998,Comedy,51,2.764705882352941
1747,1695,Wag the Dog,1997,Comedy|Drama,735,3.47891156462585
1748,1696,Dark City,1998,Film-Noir|Sci-Fi|Thriller,689,3.818577648766328
1749,1697,The Leading Man,1996,Romance,7,3.4285714285714284
1750,1698,Star Kid,1997,Adventure|Children's|Fantasy|Sci-Fi,48,2.0625
1752,1699,Hard Rain,1998,Action|Thriller,168,2.6666666666666665
1753,1700,Half Baked,1998,Comedy,150,3.2133333333333334
1754,1701,Fallen,1998,Action|Mystery|Thriller,310,3.338709677419355
1755,1702,Shooting Fish,1997,Romance,27,3.4444444444444446
1756,1703,The Prophecy II,1998,Horror,40,2.5
1757,1704,Duoluo tianshi,1995,Drama,0,
1758,1705,Dangerous Beauty,1998,Drama,78,3.7051282051282053
1759,1706,Four Days in September,1997,Drama,41,3.951219512195122
1760,1707,Spice World,1997,Comedy|Musical,147,1.816326530612245
1762,1708,Deep Rising,1998,Action|Horror|Sci-Fi,189,2.740740740740741
1764,1709,Tainted,1998,Comedy|Thriller,1,3.0
1765,1710,A Letter From Death Row,1998,Crime|Drama,0,
1767,1711,Music From Another Room,1998,Drama|Romance,20,3.15
1768,1712,Mat' i syn,1997,Drama,0,
1769,1713,The Replacement Killers,1998,Action|Thriller,255,3.1058823529411765
1770,1714,B. Monkey,1998,Romance|Thriller,16,3.4375
1771,1715,Night Flier,1997,Horror,40,2.55
1772,1716,Blues Brothers 2000,1998,Action|Comedy|Musical,181,2.4751381215469612
1773,1717,Tokyo Fist,1995,Action|Drama,1,4.0
1774,1718,Mass Transit,1998,Comedy|Drama,0,
1776,1719,Ride,1998,Drama,0,
1777,1720,The Wedding Singer,1998,Comedy|Romance,744,3.48252688172043
1779,1721,Sphere,1998,Adventure|Sci-Fi|Thriller,427,2.6955503512880563
1780,1722,Ayn Rand: A Sense of Life,1997,Documentary,6,3.8333333333333335
1781,1723,A Further Gesture,1996,Drama,0,
1782,1724,Little City,1998,Comedy|Romance,5,2.8
1783,1725,Palmetto,1998,Film-Noir|Mystery|Thriller,178,2.960674157303371
1784,1726,As Good As It Gets,1997,Comedy|Drama,1144,3.9624125874125875
1785,1727,King of New York,1990,Action|Crime,151,3.370860927152318
1787,1728,A Paralyzing Fear: The Story of Polio in America,1998,Documentary,2,3.5
1788,1729,Men With Guns,1997,Action|Drama,68,3.9705882352941178
1789,1730,The Sadness of Sex,1995,Drama,0,
1791,1731,Twilight,1998,Crime|Drama,44,2.909090909090909
1792,1732,U.S. Marshalls,1998,Action|Thriller,364,3.151098901098901
1793,1733,Welcome to Woop-Woop,1997,Comedy,11,2.272727272727273
1794,1734,Love and Death on Long Island,1997,Comedy|Drama,122,3.4672131147540983
1795,1735,"Callejón de los milagros, El",1995,Drama,2,4.5
1796,1736,In God's Hands,1998,Action|Drama,5,2.4
1797,1737,Everest,1998,Documentary,130,4.053846153846154
1798,1738,Hush,1998,Thriller,34,2.5
1799,1739,Suicide Kings,1997,Crime|Drama,164,3.481707317073171
1801,1740,The Man in the Iron Mask,1998,Action|Drama|Romance,312,3.0224358974358974
1804,1741,The Newton Boys,1998,Crime|Drama,97,3.0412371134020617
1805,1742,Wild Things,1998,Crime|Drama|Mystery|Thriller,496,3.3911290322580645
1806,1743,Paulie,1998,Adventure|Children's|Comedy,138,2.9057971014492754
1807,1744,A Cool Dry Place,1998,Drama,15,3.533333333333333
1809,1745,Hana-bi,1997,Comedy|Crime|Drama,30,3.8666666666666667
1810,1746,Primary Colors,1998,Drama,285,3.5543859649122806
1811,1747,"Niagara, Niagara",1997,Drama,9,3.5555555555555554
1812,1748,Wide Awake,1998,Children's|Comedy|Drama,34,3.3823529411764706
1814,1749,A Price Above Rubies,1998,Drama,22,3.227272727272727
1815,1750,Eden,1997,Drama,1,2.0
1816,1751,Two Girls and a Guy,1997,Comedy|Drama,82,3.0
1817,1752,No Looking Back,1998,Comedy|Drama|Romance,11,2.909090909090909
1819,1753,Storefront Hitchcock,1997,Drama,0,
1820,1754,The Proposition,1998,Drama,1,2.0
1821,1755,The Object of My Affection,1998,Comedy|Romance,175,3.2057142857142855
1822,1756,Meet the Deedles,1998,Children's|Comedy,17,2.0
1824,1757,Homegrown,1998,Comedy|Thriller,89,3.269662921348315
1825,1758,The Player's Club,1998,Action|Drama,30,2.7333333333333334
1826,1759,Barney's Great Adventure,1998,Adventure|Children's,34,1.5294117647058822
1827,1760,The Big One,1997,Comedy|Documentary,79,4.075949367088608
1829,1761,Chinese Box,1997,Drama|Romance,26,3.0
1830,1762,Follow the Bitch,1998,Comedy,1,5.0
1831,1763,Lost in Space,1998,Action|Sci-Fi|Thriller,541,2.597042513863216
1832,1764,Heaven's Burning,1997,Action|Drama,1,4.0
1833,1765,Mercury Rising,1998,Action|Drama|Thriller,212,2.981132075471698
1834,1766,The Spanish Prisoner,1997,Drama|Thriller,403,3.933002481389578
1835,1767,City of Angels,1998,Romance,293,3.249146757679181
1836,1768,The Last Days of Disco,1998,Drama,110,3.2818181818181817
1837,1769,The Odd Couple II,1998,Comedy,54,2.7037037037037037
1839,1770,My Giant,1998,Comedy,57,2.2280701754385963
1840,1771,He Got Game,1998,Drama,131,3.3587786259541983
1841,1772,The Gingerbread Man,1998,Drama|Thriller,75,2.96
1842,1773,Illtown,1996,Crime|Drama,2,4.0
1843,1774,Slappy and the Stinkers,1998,Children's|Comedy,0,
1844,1775,Live Flesh,1997,Drama,20,3.95
1845,1776,Zero Effect,1998,Comedy|Thriller,233,3.772532188841202
1846,1777,Nil By Mouth,1997,Drama,14,3.2142857142857144
1847,1778,Ratchet,1996,Drama|Thriller,0,
1848,1779,The Borrowers,1997,Adventure|Children's|Comedy|Fantasy,138,3.0144927536231885
1849,1780,Prince Valiant,1997,Adventure,6,2.5
1850,1781,"I Love You, Don't Touch Me!",1998,Drama|Romance,12,2.75
1851,1782,Leather Jacket Love Story,1997,Drama|Romance,2,4.0
1852,1783,Love Walked In,1998,Drama|Thriller,0,
1853,1784,An Alan Smithee Film: Burn Hollywood Burn,1997,Comedy,13,2.3076923076923075
1854,1785,Kissing a Fool,1998,Comedy|Romance,34,2.8529411764705883
1855,1786,Krippendorf's Tribe,1998,Comedy,91,2.3846153846153846
1856,1787,Kurt & Courtney,1998,Documentary|Musical,63,3.015873015873016
1857,1788,The Real Blonde,1997,Comedy,18,2.8333333333333335
1858,1789,Mr. Nice Guy,1997,Action|Comedy,132,3.3106060606060606
1859,1790,Taste of Cherry,1997,Drama,24,3.6666666666666665
1860,1791,Character,1997,Drama,35,3.6285714285714286
1861,1792,Junk Mail,1997,Comedy|Thriller,3,3.3333333333333335
1862,1793,Species II,1998,Horror|Sci-Fi,163,2.0122699386503067
1863,1794,Major League: Back to the Minors,1998,Comedy,114,2.236842105263158
1864,1795,Sour Grapes,1998,Comedy,9,2.6666666666666665
1865,1796,Wild Man Blues,1998,Documentary,39,3.6666666666666665
1866,1797,The Big Hit,1998,Action|Comedy,156,3.1025641025641026
1867,1798,Tarzan and the Lost City,1998,Action|Adventure,30,2.466666666666667
1868,1799,The Truce,1996,Drama|War,2,2.0
1869,1800,Black Dog,1998,Action|Thriller,39,2.3333333333333335
1870,1801,"Dancer, Texas Pop. 81",1998,Comedy|Drama,51,3.4901960784313726
1871,1802,A Friend of the Deceased,1997,Comedy|Drama,3,4.333333333333333
1872,1803,Go Now,1995,Drama,6,2.6666666666666665
1873,1804,"Misérables, Les",1998,Drama,200,3.805
1874,1805,Still Breathing,1997,Comedy|Romance,20,3.1
1875,1806,Clockwatchers,1997,Comedy,133,3.406015037593985
1876,1807,Deep Impact,1998,Action|Drama|Sci-Fi|Thriller,717,3.1576011157601114
1877,1808,Little Men,1998,Drama,3,2.6666666666666665
1878,1809,Woo,1998,Comedy|Romance,8,1.875
1879,1810,The Hanging Garden,1997,Drama,19,3.8421052631578947
1880,1811,Lawn Dogs,1997,Drama,20,3.65
1881,1812,Quest for Camelot,1998,Adventure|Animation|Children's|Fantasy,57,2.754385964912281
1882,1813,Godzilla,1998,Action|Sci-Fi,385,2.327272727272727
1883,1814,Bulworth,1998,Comedy,545,3.4477064220183484
1884,1815,Fear and Loathing in Las Vegas,1998,Comedy|Drama,249,3.3373493975903616
1885,1816,The Opposite of Sex,1998,Comedy|Drama,498,3.714859437751004
1886,1817,I Got the Hook Up,1998,Comedy,3,2.6666666666666665
1887,1818,Almost Heroes,1998,Adventure|Comedy,48,2.4791666666666665
1888,1819,Hope Floats,1998,Comedy|Drama|Romance,306,3.0065359477124183
1889,1820,Insomnia,1997,Thriller,40,3.85
1890,1821,Little Boy Blue,1997,Drama,5,2.0
1891,1822,The Ugly,1997,Horror|Thriller,9,1.8888888888888888
1892,1823,A Perfect Murder,1998,Mystery|Thriller,314,3.3821656050955413
1893,1824,Beyond Silence,1996,Drama,17,3.8823529411764706
1894,1825,Six Days Seven Nights,1998,Adventure|Comedy|Romance,378,2.8915343915343916
1895,1826,Can't Hardly Wait,1998,Comedy|Drama|Romance,244,3.262295081967213
1896,1827,Cousin Bette,1998,Comedy,41,3.1463414634146343
1897,1828,High Art,1998,Drama|Romance,110,3.5545454545454547
1898,1829,The Land Girls,1998,Drama|War,11,3.5454545454545454
1899,1830,Passion in the Desert,1998,Adventure|Drama,8,3.25
1900,1831,The Children of Heaven,1997,Drama,51,4.1568627450980395
1901,1832,Dear Jesse,1997,Documentary,3,3.6666666666666665
1902,1833,Dream for an Insomniac,1996,Drama|Romance,19,3.3157894736842106
1903,1834,Hav Plenty,1997,Comedy,4,3.25
1904,1835,Henry Fool,1997,Comedy|Drama,96,3.5104166666666665
1905,1836,Marie Baie Des Anges,1997,Drama,2,1.5
1906,1837,Mr. Jealousy,1997,Comedy|Romance,27,3.3333333333333335
1907,1838,Mulan,1998,Animation|Children's,395,3.7341772151898733
1908,1839,Resurrection Man,1998,Drama|Thriller,0,
1909,1840,The X-Files: Fight the Future,1998,Mystery|Sci-Fi|Thriller,804,3.496268656716418
1910,1841,I Went Down,1997,Action|Comedy|Crime,32,3.78125
1911,1842,Doctor Dolittle,1998,Comedy,420,2.9285714285714284
1912,1843,Out of Sight,1998,Action|Crime|Romance,697,3.770444763271162
1913,1844,Picnic at Hanging Rock,1975,Drama|Mystery,135,3.8666666666666667
1914,1845,Smoke Signals,1998,Comedy|Drama,285,3.807017543859649
1915,1846,Voyage to the Beginning of the World,1997,Drama,1,4.0
1916,1847,Buffalo 66,1998,Action|Comedy|Drama,280,3.45
1917,1848,Armageddon,1998,Action|Adventure|Sci-Fi|Thriller,885,3.2033898305084745
1918,1849,Lethal Weapon 4,1998,Action|Comedy|Crime|Drama,539,3.1057513914656774
1919,1850,Madeline,1998,Children's|Comedy,91,3.10989010989011
1920,1851,Small Soldiers,1998,Animation|Children's|Fantasy|War,297,2.835016835016835
1921,1852,Pi,1998,Sci-Fi|Thriller,481,3.7920997920997923
1922,1853,Whatever,1998,Drama,42,3.4523809523809526
1923,1854,There's Something About Mary,1998,Comedy,1098,3.9344262295081966
1924,1855,Plan 9 from Outer Space,1958,Horror|Sci-Fi,204,2.627450980392157
1925,1856,Wings,1927,Drama|Romance|War,33,3.8181818181818183
1926,1857,The Broadway Melody,1929,Musical,25,3.24
1927,1858,All Quiet on the Western Front,1930,War,210,4.133333333333334
1928,1859,Cimarron,1931,Western,23,3.347826086956522
1929,1860,Grand Hotel,1932,Drama,71,3.7746478873239435
1930,1861,Cavalcade,1933,Drama,4,2.75
1931,1862,Mutiny on the Bounty,1935,Adventure,181,4.060773480662983
1932,1863,The Great Ziegfeld,1936,Musical,27,3.111111111111111
1933,1864,The Life of Émile Zola,1937,Drama,17,3.4705882352941178
1934,1865,You Can't Take It With You,1938,Comedy,58,3.9310344827586206
1935,1866,How Green Was My Valley,1941,Drama,87,4.103448275862069
1936,1867,Mrs. Miniver,1942,Drama|War,65,3.830769230769231
1937,1868,Going My Way,1944,Comedy,51,3.7254901960784315
1938,1869,The Lost Weekend,1945,Drama,99,3.9292929292929295
1939,1870,The Best Years of Our Lives,1946,Drama|War,180,4.15
1940,1871,Gentleman's Agreement,1947,Drama,69,3.7971014492753623
1941,1872,Hamlet,1948,Drama,91,3.802197802197802
1942,1873,All the King's Men,1949,Drama,99,3.9696969696969697
1943,1874,The Greatest Show on Earth,1952,Drama,50,3.24
1944,1875,From Here to Eternity,1953,Drama|Romance|War,285,4.094736842105263
1945,1876,On the Waterfront,1954,Crime|Drama,418,4.26555023923445
1946,1877,Marty,1955,Drama|Romance,161,3.987577639751553
1947,1878,West Side Story,1961,Musical|Romance,629,4.054054054054054
1948,1879,Tom Jones,1963,Comedy,153,3.869281045751634
1949,1880,A Man for All Seasons,1966,Drama,170,4.223529411764706
1950,1881,In the Heat of the Night,1967,Drama|Mystery,277,4.097472924187725
1951,1882,Oliver!,1968,Musical,176,3.7556818181818183
1952,1883,Midnight Cowboy,1969,Drama,522,4.101532567049809
1953,1884,The French Connection,1971,Action|Crime|Drama|Thriller,700,4.0842857142857145
1954,1885,Rocky,1976,Action|Drama,881,3.968217934165721
1955,1886,Kramer Vs. Kramer,1979,Drama,361,3.822714681440443
1956,1887,Ordinary People,1980,Drama,406,3.9876847290640396
1957,1888,Chariots of Fire,1981,Drama,499,3.7675350701402808
1958,1889,Terms of Endearment,1983,Comedy|Drama,425,3.6141176470588237
1959,1890,Out of Africa,1985,Drama|Romance,488,3.665983606557377
1960,1891,The Last Emperor,1987,Drama|War,507,3.9605522682445757
1961,1892,Rain Man,1988,Drama,1077,4.0622098421541315
1962,1893,Driving Miss Daisy,1989,Drama,532,3.851503759398496
1963,1894,Take the Money and Run,1969,Comedy,205,4.048780487804878
1964,1895,Klute,1971,Drama|Mystery,253,3.8181818181818183
1965,1896,Repo Man,1984,Comedy|Sci-Fi,591,3.6565143824027073
1966,1897,Metropolitan,1990,Comedy,156,3.7051282051282053
1967,1898,Labyrinth,1986,Adventure|Children's|Fantasy,448,3.65625
1968,1899,The Breakfast Club,1985,Comedy|Drama,1203,3.8977556109725686
1969,1900,A Nightmare on Elm Street Part 2: Freddy's Revenge,1985,Horror,214,2.294392523364486
1970,1901,A Nightmare on Elm Street 3: Dream Warriors,1987,Horror,220,2.6636363636363636
1971,1902,A Nightmare on Elm Street 4: The Dream Master,1988,Horror,197,2.2588832487309647
1972,1903,A Nightmare on Elm Street 5: The Dream Child,1989,Horror,161,1.9751552795031055
1973,1904,Freddy's Dead: The Final Nightmare,1991,Horror,173,2.23121387283237
1974,1905,Friday the 13th,1980,Horror,253,3.0790513833992095
1975,1906,Friday the 13th Part 2,1981,Horror,135,2.3851851851851853
1976,1907,Friday the 13th Part 3: 3D,1982,Horror,162,1.9444444444444444
1977,1908,Friday the 13th: The Final Chapter,1984,Horror,134,2.201492537313433
1978,1909,Friday the 13th Part V: A New Beginning,1985,Horror,87,2.1379310344827585
1979,1910,Friday the 13th Part VI: Jason Lives,1986,Horror,88,2.227272727272727
1980,1911,Friday the 13th Part VII: The New Blood,1988,Horror,77,2.103896103896104
1981,1912,Friday the 13th Part VIII: Jason Takes Manhattan,1989,Horror,74,1.7567567567567568
1982,1913,Halloween,1978,Horror,404,3.6683168316831685
1983,1914,Halloween II,1981,Horror,149,2.8120805369127515
1984,1915,Halloween III: Season of the Witch,1983,Horror,89,2.0786516853932584
1985,1916,Halloween 4: The Return of Michael Myers,1988,Horror,96,2.5208333333333335
1986,1917,Halloween 5: The Revenge of Michael Myers,1989,Horror,103,2.174757281553398
1987,1918,Prom Night,1980,Horror,75,2.3333333333333335
1988,1919,Hello Mary Lou: Prom Night II,1987,Horror,41,2.1463414634146343
1989,1920,Prom Night III: The Last Kiss,1989,Horror,13,1.3076923076923077
1990,1921,Prom Night IV: Deliver Us From Evil,1992,Horror,14,1.7142857142857142
1991,1922,Child's Play,1988,Horror,192,2.671875
1992,1923,Child's Play 2,1990,Horror,111,2.2072072072072073
1993,1924,Child's Play 3,1992,Horror,75,1.9066666666666667
1994,1925,Poltergeist,1982,Horror|Thriller,641,3.6630265210608424
1995,1926,Poltergeist II: The Other Side,1986,Horror|Thriller,148,2.439189189189189
1996,1927,Poltergeist III,1988,Horror|Thriller,94,1.8617021276595744
1997,1928,The Exorcist,1973,Horror,703,3.9630156472261735
1998,1929,Exorcist II: The Heretic,1977,Horror,87,1.8045977011494252
1999,1930,The Exorcist III,1990,Horror,96,2.9270833333333335
2000,1931,Lethal Weapon,1987,Action|Comedy|Crime|Drama,1300,3.8876923076923076
2001,1932,Lethal Weapon 2,1989,Action|Comedy|Crime|Drama,799,3.5331664580725906
2002,1933,Lethal Weapon 3,1992,Action|Comedy|Crime|Drama,651,3.248847926267281
2003,1934,Gremlins,1984,Comedy|Horror,624,3.2788461538461537
2004,1935,Gremlins 2: The New Batch,1990,Comedy|Horror,297,2.474747474747475
2005,1936,The Goonies,1985,Adventure|Children's|Fantasy,564,3.4574468085106385
2006,1937,The Mask of Zorro,1998,Action|Adventure|Romance,797,3.5420326223337515
2007,1938,Polish Wedding,1998,Comedy,50,2.64
2008,1939,"This World, Then the Fireworks",1996,Crime|Drama|Film-Noir,10,2.9
2009,1940,Soylent Green,1973,Sci-Fi|Thriller,335,3.4716417910447763
2010,1941,Metropolis,1926,Sci-Fi,320,4.028125
2011,1942,Back to the Future Part II,1989,Comedy|Sci-Fi,938,3.35501066098081
2012,1943,Back to the Future Part III,1990,Comedy|Sci-Fi|Western,914,3.2308533916849016
2013,1944,The Poseidon Adventure,1972,Action|Adventure,497,3.4688128772635816
2014,1945,Freaky Friday,1977,Children's|Comedy,145,3.1655172413793102
2015,1946,The Absent Minded Professor,1961,Children's|Comedy|Fantasy,299,3.4414715719063547
2016,1947,The Apple Dumpling Gang Rides Again,1979,Children's|Comedy|Western,90,2.7444444444444445
2017,1948,Babes in Toyland,1961,Children's|Fantasy|Musical,131,2.9770992366412212
2018,1949,Bambi,1942,Animation|Children's,489,3.719836400817996
2019,1950,Seven Samurai,1954,Action|Drama,508,4.574803149606299
2020,1951,Dangerous Liaisons,1988,Drama|Romance,594,3.9966329966329965
2021,1952,Dune,1984,Fantasy|Sci-Fi,613,3.393148450244698
2022,1953,The Last Temptation of Christ,1988,Drama,209,3.54066985645933
2023,1954,The Godfather: Part III,1990,Action|Crime|Drama,628,3.3503184713375798
2024,1955,The Rapture,1991,Drama|Mystery,113,3.3451327433628317
2025,1956,Lolita,1997,Drama|Romance,171,3.3567251461988303
2026,1957,Disturbing Behavior,1998,Horror|Thriller,123,2.6260162601626016
2027,1958,Mafia!,1998,Comedy|Crime,101,2.4554455445544554
2028,1959,Saving Private Ryan,1998,Action|Drama|War,2108,4.338235294117647
2029,1960,Billy's Hollywood Screen Kiss,1997,Comedy|Romance,58,3.603448275862069
2030,1961,East Palace West Palace,1997,Drama,0,
2031,1962,"$1,000,000 Duck",1971,Children's|Comedy,29,3.1724137931034484
2032,1963,The Barefoot Executive,1971,Children's|Comedy,30,2.8666666666666667
2033,1964,The Black Cauldron,1985,Animation|Children's,161,3.1490683229813663
2034,1965,The Black Hole,1979,Sci-Fi,230,2.7304347826086954
2035,1966,Blackbeard's Ghost,1968,Children's|Comedy,46,3.0652173913043477
2036,1967,Blank Check,1994,Children's|Comedy,70,2.257142857142857
2037,1968,Candleshoe,1977,Adventure|Children's|Comedy,43,3.604651162790698
2038,1969,The Cat from Outer Space,1978,Children's|Comedy|Sci-Fi,162,2.9382716049382718
2039,1970,Cheetah,1989,Adventure|Children's,1,1.0
2040,1971,The Computer Wore Tennis Shoes,1970,Children's|Comedy,94,2.978723404255319
2041,1972,Condorman,1981,Action|Adventure|Children's|Comedy,120,2.6333333333333333
2042,1973,D2: The Mighty Ducks,1994,Children's|Comedy,159,2.6352201257861636
2043,1974,Darby O'Gill and the Little People,1959,Adventure|Children's|Fantasy,123,3.268292682926829
2044,1975,The Devil and Max Devlin,1981,Comedy,41,2.658536585365854
2045,1976,A Far Off Place,1993,Adventure|Children's|Drama|Romance,44,3.4318181818181817
2046,1977,Flight of the Navigator,1986,Adventure|Children's|Sci-Fi,424,3.4858490566037736
2047,1978,The Gnome-Mobile,1967,Children's,19,3.1578947368421053
2048,1979,The Great Mouse Detective,1986,Animation|Children's,106,3.5754716981132075
2049,1980,The Happiest Millionaire,1967,Comedy|Musical,33,3.3333333333333335
2050,1981,Herbie Goes Bananas,1980,Adventure|Children's|Comedy,94,2.5106382978723403
2051,1982,Herbie Goes to Monte Carlo,1977,Adventure|Children's|Comedy,90,2.5444444444444443
2052,1983,Hocus Pocus,1993,Children's|Comedy,136,2.875
2053,1984,"Honey, I Blew Up the Kid",1992,Children's|Comedy|Sci-Fi,295,2.2644067796610168
2054,1985,"Honey, I Shrunk the Kids",1989,Adventure|Children's|Comedy|Fantasy|Sci-Fi,839,2.941597139451728
2055,1986,Hot Lead and Cold Feet,1978,Comedy|Western,32,2.75
2056,1987,In Search of the Castaways,1962,Adventure|Children's,14,3.4285714285714284
2057,1988,The Incredible Journey,1963,Adventure|Children's,80,3.3375
2058,1989,The Negotiator,1998,Action|Thriller,630,3.5984126984126985
2059,1990,The Parent Trap,1998,Children's|Drama,219,3.2831050228310503
2060,1991,BASEketball,1998,Comedy,152,3.0328947368421053
2061,1992,Full Tilt Boogie,1997,Documentary,7,3.5714285714285716
2062,1993,The Governess,1998,Drama|Romance,61,3.180327868852459
2063,1994,Seventh Heaven,1997,Drama|Romance,7,2.7142857142857144
2064,1995,Roger & Me,1989,Comedy|Documentary,631,4.101426307448494
2065,1996,The Purple Rose of Cairo,1985,Comedy|Drama|Romance,387,3.5813953488372094
2066,1997,Out of the Past,1947,Film-Noir,90,4.188888888888889
2067,1998,Doctor Zhivago,1965,Drama|Romance|War,454,4.07488986784141
2068,1999,Fanny and Alexander,1982,Drama,100,3.85
2069,2000,The Trip to Bountiful,1985,Drama,111,3.8018018018018016
2070,2001,Tender Mercies,1983,Drama,208,3.956730769230769
2071,2002,And the Band Played On,1993,Drama,131,3.9770992366412212
2072,2003,The 'burbs,1989,Comedy,256,2.953125
2073,2004,Fandango,1985,Comedy,47,3.7872340425531914
2074,2005,The Night Porter,1974,Drama,19,3.5789473684210527
2075,2006,Mephisto,1981,Drama|War,66,3.6666666666666665
2076,2007,Blue Velvet,1986,Drama|Mystery,514,3.754863813229572
2077,2008,The Journey of Natty Gann,1985,Adventure|Children's,121,3.4710743801652892
2078,2009,The Jungle Book,1967,Animation|Children's|Comedy|Musical,530,3.830188679245283
2079,2010,Kidnapped,1960,Children's|Drama,11,3.5454545454545454
2080,2011,Lady and the Tramp,1955,Animation|Children's|Comedy|Musical|Romance,661,3.777609682299546
2081,2012,The Little Mermaid,1989,Animation|Children's|Comedy|Musical|Romance,825,3.7381818181818183
2082,2013,The Mighty Ducks,1992,Children's|Comedy,286,2.888111888111888
2083,2014,The Muppet Christmas Carol,1992,Children's|Musical,212,3.660377358490566
2084,2015,Newsies,1992,Children's|Musical,81,3.1604938271604937
2085,2016,101 Dalmatians,1961,Animation|Children's,447,3.5749440715883667
2086,2017,One Magic Christmas,1985,Drama|Fantasy,23,3.4347826086956523
2087,2018,Peter Pan,1953,Animation|Children's|Fantasy|Musical,476,3.6638655462184873
2088,2019,Popeye,1980,Adventure|Comedy|Musical,386,2.6139896373056994
2089,2020,The Rescuers Down Under,1990,Animation|Children's,197,3.1421319796954315
2090,2021,The Rescuers,1977,Animation|Children's,196,3.4642857142857144
2091,2022,Return from Witch Mountain,1978,Children's|Sci-Fi,153,2.8300653594771243
2092,2023,The Return of Jafar,1993,Animation|Children's|Musical,134,2.4402985074626864
2093,2024,Return to Oz,1985,Adventure|Children's|Fantasy|Sci-Fi,226,2.8716814159292037
2094,2025,The Rocketeer,1991,Action|Adventure|Sci-Fi,585,3.0905982905982907
2095,2026,The Shaggy D.A.,1976,Children's|Comedy,92,2.989130434782609
2096,2027,Sleeping Beauty,1959,Animation|Children's|Musical,417,3.709832134292566
2097,2028,Something Wicked This Way Comes,1983,Children's|Horror,165,3.515151515151515
2098,2029,Son of Flubber,1963,Children's|Comedy,60,3.033333333333333
2099,2030,Song of the South,1946,Adventure|Animation|Children's|Musical,179,3.625698324022346
2100,2031,Splash,1984,Comedy|Fantasy|Romance,916,3.4399563318777293
2101,2032,Squanto: A Warrior's Tale,1994,Adventure|Drama,14,3.5
2102,2033,Steamboat Willie,1940,Animation|Children's|Comedy|Musical,161,3.37888198757764
2103,2034,Tall Tale,1994,Adventure|Children's,28,3.0357142857142856
2104,2035,Tex,1982,Drama,41,3.268292682926829
2105,2036,Tron,1982,Action|Adventure|Fantasy|Sci-Fi,792,3.3472222222222223
2106,2037,Swing Kids,1993,Drama|War,151,3.3443708609271523
2107,2038,Halloween: H20,1998,Horror|Thriller,162,2.6790123456790123
2108,2039,L.A. Story,1991,Comedy|Romance,660,3.68030303030303
2109,2040,The Jerk,1979,Comedy,466,3.7660944206008584
2110,2041,Dead Men Don't Wear Plaid,1982,Comedy|Crime|Thriller,300,3.2533333333333334
2111,2042,The Man with Two Brains,1983,Comedy,239,3.213389121338912
2112,2043,Grand Canyon,1991,Crime|Drama,269,3.442379182156134
2113,2044,Graveyard Shift,1990,Horror|Thriller,67,2.2238805970149254
2114,2045,The Outsiders,1983,Drama,205,3.678048780487805
2115,2046,Indiana Jones and the Temple of Doom,1984,Action|Adventure,893,3.661814109742441
2116,2047,The Lord of the Rings,1978,Adventure|Animation|Children's|Sci-Fi,355,3.323943661971831
2117,2048,Nineteen Eighty-Four,1984,Drama|Sci-Fi,225,3.7422222222222223
2118,2049,The Dead Zone,1983,Horror|Thriller,301,3.6943521594684388
2119,2050,Maximum Overdrive,1986,Horror,114,2.3421052631578947
2120,2051,Needful Things,1993,Drama|Horror,185,2.9945945945945946
2121,2052,Cujo,1983,Horror|Thriller,197,2.7258883248730963
2122,2053,Children of the Corn,1984,Horror|Thriller,180,2.4833333333333334
2123,2054,All Dogs Go to Heaven,1989,Animation|Children's,171,2.865497076023392
2124,2055,The Addams Family,1991,Comedy,572,3.173076923076923
2125,2056,Ever After: A Cinderella Story,1998,Drama|Romance,344,3.703488372093023
2126,2057,Snake Eyes,1998,Action|Crime|Mystery|Thriller,382,2.7591623036649215
2127,2058,"First Love, Last Rites",1997,Drama|Romance,4,3.5
2128,2059,Safe Men,1998,Comedy,20,3.4
2129,2060,The Saltmen of Tibet,1997,Documentary,4,4.25
2130,2061,Atlantic City,1980,Crime|Drama|Romance,241,3.863070539419087
2131,2062,Autumn Sonata,1978,Drama,27,3.740740740740741
2132,2063,Who's Afraid of Virginia Woolf?,1966,Drama,231,4.116883116883117
2133,2064,Adventures in Babysitting,1987,Adventure|Comedy,426,3.284037558685446
2134,2065,Weird Science,1985,Comedy,416,3.4447115384615383
2135,2066,Doctor Dolittle,1967,Adventure|Musical,199,3.1959798994974875
2136,2067,The Nutty Professor,1963,Comedy,174,3.218390804597701
2137,2068,Charlotte's Web,1973,Animation|Children's,402,3.8059701492537314
2138,2069,Watership Down,1978,Animation|Children's|Drama|Fantasy,252,3.8174603174603177
2139,2070,The Secret of NIMH,1982,Animation|Children's,294,3.8945578231292517
2140,2071,The Dark Crystal,1982,Children's|Fantasy|Sci-Fi,569,3.634446397188049
2141,2072,An American Tail,1986,Animation|Children's|Comedy,326,3.438650306748466
2142,2073,An American Tail: Fievel Goes West,1991,Animation|Children's|Comedy,155,2.8645161290322583
2143,2074,Legend,1985,Adventure|Fantasy|Romance,270,3.314814814814815
2144,2075,Sixteen Candles,1984,Comedy,587,3.7120954003407154
2145,2076,Pretty in Pink,1986,Comedy|Drama|Romance,562,3.3665480427046264
2146,2077,St. Elmo's Fire,1985,Drama|Romance,280,3.0964285714285715
2147,2078,The Clan of the Cave Bear,1986,Drama,183,2.5355191256830603
2148,2079,House,1986,Comedy|Horror,136,2.8676470588235294
2149,2080,House II: The Second Story,1987,Comedy|Horror,82,2.231707317073171
2150,2081,The Gods Must Be Crazy,1980,Comedy,557,3.7576301615798924
2151,2082,The Gods Must Be Crazy II,1989,Comedy,105,3.1142857142857143
2152,2083,Air Bud: Golden Receiver,1998,Children's|Comedy,51,2.0980392156862746
2153,2084,The Avengers,1998,Action|Adventure,211,1.985781990521327
2154,2085,How Stella Got Her Groove Back,1998,Drama|Romance,110,2.7818181818181817
2155,2086,The Slums of Beverly Hills,1998,Comedy,210,3.2666666666666666
2156,2087,The Best Man,1997,Comedy|Drama,9,3.7777777777777777
2157,2088,The Chambermaid on the Titanic,1998,Romance,17,3.411764705882353
2158,2089,"Henry: Portrait of a Serial Killer, Part 2",1996,Crime|Horror,15,2.4
2159,2090,Henry: Portrait of a Serial Killer,1990,Crime|Horror,169,3.467455621301775
2160,2091,Rosemary's Baby,1968,Horror|Thriller,566,3.7897526501766783
2161,2092,The NeverEnding Story,1984,Adventure|Children's|Fantasy,571,3.598949211908932
2162,2093,The NeverEnding Story II: The Next Chapter,1990,Adventure|Children's|Fantasy,139,2.4244604316546763
2163,2094,Attack of the Killer Tomatoes!,1980,Comedy|Horror,165,2.5636363636363635
2164,2095,Surf Nazis Must Die,1987,Drama,16,2.0
2165,2096,Your Friends and Neighbors,1998,Drama,92,3.4239130434782608
2166,2097,Return to Paradise,1998,Drama|Romance,110,3.5
2167,2098,Blade,1998,Action|Adventure|Horror,665,3.4947368421052634
2168,2099,Dance with Me,1998,Drama|Romance,61,3.081967213114754
2169,2100,Dead Man on Campus,1998,Comedy,104,2.7211538461538463
2170,2101,Wrongfully Accused,1998,Action|Comedy,105,2.5238095238095237
2171,2102,"Next Stop, Wonderland",1998,Comedy|Drama|Romance,158,3.6582278481012658
2172,2103,Strike!,1998,Comedy,4,3.25
2173,2104,The Navigator: A Mediaeval Odyssey,1988,Adventure|Fantasy|Sci-Fi,88,3.522727272727273
2174,2105,Beetlejuice,1988,Comedy|Fantasy,1203,3.543640897755611
2175,2106,Déjà Vu,1997,Drama|Romance,14,3.857142857142857
2176,2107,Rope,1948,Thriller,152,3.9078947368421053
2177,2108,Family Plot,1976,Comedy|Thriller,72,3.2777777777777777
2178,2109,Frenzy,1972,Thriller,80,3.6625
2179,2110,Topaz,1969,Thriller,35,3.142857142857143
2180,2111,Torn Curtain,1966,Thriller,43,3.395348837209302
2181,2112,Marnie,1964,Thriller,98,3.622448979591837
2182,2113,The Wrong Man,1956,Drama|Film-Noir|Thriller,75,3.506666666666667
2183,2114,The Man Who Knew Too Much,1956,Thriller,150,3.986666666666667
2184,2115,The Trouble with Harry,1955,Mystery|Thriller,112,3.6517857142857144
2185,2116,I Confess,1953,Thriller,12,3.5
2186,2117,Strangers on a Train,1951,Film-Noir|Thriller,376,4.300531914893617
2187,2118,Stage Fright,1950,Mystery|Thriller,24,3.625
2188,2119,54,1998,Drama,207,2.78743961352657
2189,2120,I Married A Strange Person,1997,Animation,14,3.857142857142857
2190,2121,Why Do Fools Fall In Love?,1998,Drama,39,2.8205128205128207
2191,2122,A Merry War,1997,Comedy,7,2.857142857142857
2192,2123,See the Sea,1997,Drama,4,3.25
2193,2124,Willow,1988,Action|Adventure|Fantasy,623,3.4847512038523276
2194,2125,The Untouchables,1987,Action|Crime|Drama,906,4.00551876379691
2195,2126,Dirty Work,1998,Comedy,102,3.0098039215686274
2196,2127,Knock Off,1998,Action,18,2.5
2197,2128,Firelight,1997,Drama,11,4.181818181818182
2198,2129,Modulations,1998,Documentary,1,3.0
2199,2130,Phoenix,1998,Crime|Drama,0,
2200,2131,Under Capricorn,1949,Drama,8,2.5
2201,2132,The Paradine Case,1947,Drama,16,3.5
2202,2133,Lifeboat,1944,Drama|Thriller|War,177,3.9604519774011298
2203,2134,Shadow of a Doubt,1943,Film-Noir|Thriller,191,4.272251308900524
2204,2135,Saboteur,1942,Thriller,71,3.859154929577465
2205,2136,Mr. & Mrs. Smith,1941,Comedy,25,3.56
2206,2137,Suspicion,1941,Mystery|Thriller,129,4.077519379844961
2207,2138,Jamaica Inn,1939,Drama,7,2.7142857142857144
2208,2139,The Lady Vanishes,1938,Comedy|Mystery|Romance|Thriller,155,4.161290322580645
2209,2140,Young and Innocent,1937,Crime|Thriller,8,3.375
2210,2141,Sabotage,1936,Thriller,43,3.6511627906976742
2211,2142,Secret Agent,1936,Thriller,14,3.5714285714285716
2212,2143,The Man Who Knew Too Much,1934,Thriller,102,3.843137254901961
2213,2144,Waltzes from Vienna,1933,Comedy|Musical,0,
2214,2145,Number Seventeen,1932,Thriller,1,3.0
2215,2146,Rich and Strange,1932,Comedy|Romance,9,3.3333333333333335
2216,2147,The Skin Game,1931,Drama,0,
2217,2148,Elstree Calling,1930,Comedy|Musical,1,1.0
2218,2149,Juno and Paycock,1930,Drama,0,
2219,2150,Murder!,1930,Mystery|Thriller,8,3.25
2220,2151,The Manxman,1929,Drama,0,
2221,2152,Blackmail,1929,Thriller,10,3.1
2222,2153,Champagne,1928,Comedy,0,
2223,2154,The Farmer's Wife,1928,Comedy,3,3.3333333333333335
2224,2155,Downhill,1927,Drama,0,
2225,2156,Easy Virtue,1927,Drama,0,
2226,2157,The Ring,1927,Drama,1,3.0
2227,2158,The Lodger,1926,Thriller,20,3.55
2228,2159,The Mountain Eagle,1926,Drama,0,
2229,2160,The Pleasure Garden,1925,Drama,0,
2230,2161,Always Tell Your Wife,1923,Comedy,0,
2231,2162,Rounders,1998,Crime|Drama,271,3.6199261992619927
2232,2163,Cube,1997,Sci-Fi|Thriller,177,3.468926553672316
2233,2164,Digging to China,1998,Drama,5,1.6
2234,2165,Let's Talk About Sex,1998,Drama,6,1.6666666666666667
2235,2166,One Man's Hero,1999,Drama|War,1,2.0
2236,2167,Simon Birch,1998,Drama,165,3.624242424242424
2237,2168,Without Limits,1998,Drama,35,3.5714285714285716
2238,2169,Seven Beauties,1976,Comedy|Drama,61,3.7540983606557377
2239,2170,Swept Away,1975,Comedy|Drama,72,3.736111111111111
2240,2171,My Bodyguard,1980,Drama,189,3.544973544973545
2241,2172,Class,1983,Comedy,108,2.7314814814814814
2242,2173,"Grandview, U.S.A.",1984,Drama,4,2.5
2243,2174,Broadcast News,1987,Comedy|Drama|Romance,625,3.7424
2244,2175,The Allnighter,1987,Comedy|Romance,6,1.6666666666666667
2245,2176,Working Girl,1988,Comedy|Drama,407,3.42014742014742
2246,2177,Stars and Bars,1988,Comedy,12,2.8333333333333335
2247,2178,Married to the Mob,1988,Comedy,285,3.0982456140350876
2248,2179,Say Anything...,1989,Comedy|Drama|Romance,727,4.024759284731775
2249,2180,My Blue Heaven,1990,Comedy,186,3.1774193548387095
2250,2181,Men Don't Leave,1990,Drama,47,3.1702127659574466
2251,2182,The Cabinet of Dr. Ramirez,1991,Comedy,2,3.5
2252,2183,Hero,1992,Comedy|Drama,158,3.0759493670886076
2253,2184,Toys,1992,Action|Comedy|Fantasy,338,2.594674556213018
2254,2185,Choices,1981,Drama,1,2.0
2255,2186,Young Doctors in Love,1982,Comedy,65,2.6307692307692307
2256,2187,Parasite,1982,Horror|Sci-Fi,19,2.473684210526316
2257,2188,No Small Affair,1984,Comedy|Romance,12,2.9166666666666665
2258,2189,Master Ninja I,1984,Action,1,2.0
2259,2190,Blame It on Rio,1984,Comedy|Romance,167,2.7245508982035926
2260,2191,Wisdom,1986,Action|Crime,41,2.731707317073171
2261,2192,One Crazy Summer,1986,Comedy,129,3.441860465116279
2262,2193,About Last Night...,1986,Comedy|Drama|Romance,263,3.1901140684410647
2263,2194,The Seventh Sign,1988,Thriller,132,3.0984848484848486
2264,2195,We're No Angels,1989,Drama,65,2.523076923076923
2265,2196,Nothing But Trouble,1991,Adventure|Comedy,64,1.96875
2266,2197,The Butcher's Wife,1991,Comedy|Romance,154,2.8636363636363638
2267,2198,Mortal Thoughts,1991,Mystery|Thriller,60,2.9166666666666665
2268,2199,A Few Good Men,1992,Crime|Drama,856,3.955607476635514
2269,2200,Indecent Proposal,1993,Drama,177,2.7457627118644066
2270,2201,A Century of Cinema,1994,Documentary,0,
2271,2202,Permanent Midnight,1998,Drama,61,3.3114754098360657
2272,2203,One True Thing,1998,Drama,89,3.4719101123595504
2273,2204,Rush Hour,1998,Action|Thriller,497,3.5553319919517103
2274,2205,Lilian's Story,1995,Drama,0,
2275,2206,Six-String Samurai,1998,Action|Adventure|Sci-Fi,58,3.396551724137931
2276,2207,A Soldier's Daughter Never Cries,1998,Drama,56,3.7142857142857144
2277,2208,Somewhere in the City,1997,Drama,1,2.0
2278,2209,Ronin,1998,Action|Crime|Thriller,644,3.517080745341615
2279,2210,Urban Legend,1998,Horror|Thriller,177,2.751412429378531
2280,2211,Clay Pigeons,1998,Crime,101,3.4257425742574257
2281,2212,Monument Ave.,1998,Crime,9,3.3333333333333335
2282,2213,Pecker,1998,Comedy|Drama,256,3.48046875
2283,2214,The Sheltering Sky,1990,Drama,51,2.9019607843137254
2284,2215,Bandit Queen,1994,Drama,33,3.757575757575758
2285,2216,If....,1968,Drama,44,4.0
2286,2217,The Fiendish Plot of Dr. Fu Manchu,1980,Comedy,35,2.5428571428571427
2287,2218,Them!,1954,Sci-Fi|Thriller|War,238,3.466386554621849
2288,2219,The Thing,1982,Action|Horror|Sci-Fi|Thriller,600,3.78
2289,2220,The Player,1992,Comedy|Drama,791,3.965865992414665
2290,2221,Stardust Memories,1980,Comedy|Drama,97,3.195876288659794
2291,2222,Edward Scissorhands,1990,Drama|Romance,1174,3.5792163543441227
2292,2223,Overnight Delivery,1996,Romance,16,2.5
2293,2224,Shadrach,1998,Drama,15,3.066666666666667
2294,2225,Antz,1998,Animation|Children's,506,3.4960474308300395
2295,2226,The Impostors,1998,Comedy,63,3.8253968253968256
2296,2227,A Night at the Roxbury,1998,Comedy,116,2.3448275862068964
2297,2228,What Dreams May Come,1998,Drama|Romance,272,3.1213235294117645
2298,2229,Strangeland,1998,Thriller,10,1.8
2299,2230,The Battle of the Sexes,1959,Comedy,2,3.5
2300,2231,The Producers,1968,Comedy|Musical,533,4.129455909943715
2301,2232,History of the World: Part I,1981,Comedy,293,3.569965870307167
2302,2233,My Cousin Vinny,1992,Comedy,871,3.779563719862227
2303,2234,Nashville,1975,Drama|Musical,251,3.8924302788844622
2304,2235,Love Is the Devil,1998,Drama,6,3.3333333333333335
2305,2236,Slam,1998,Drama,21,3.5238095238095237
2306,2237,Holy Man,1998,Comedy,75,2.48
2307,2238,One Tough Cop,1998,Action|Drama,30,2.7333333333333334
2308,2239,Detroit 9000,1973,Action|Crime,1,2.0
2309,2240,The Inheritors,1998,Drama,2,4.5
2310,2241,The Mighty,1998,Drama,109,3.779816513761468
2311,2242,2010,1984,Mystery|Sci-Fi,369,3.3848238482384825
2312,2243,Children of a Lesser God,1986,Drama,267,3.7827715355805243
2313,2244,The Elephant Man,1980,Drama,355,4.045070422535211
2314,2245,Beloved,1998,Drama,83,3.0240963855421685
2315,2246,Bride of Chucky,1998,Horror|Thriller,117,2.427350427350427
2316,2247,Practical Magic,1998,Drama|Romance,177,2.983050847457627
2317,2248,The Alarmist,1997,Comedy,6,2.5
2318,2249,Happiness,1998,Comedy,259,3.918918918918919
2319,2250,Reach the Rock,1997,Comedy,0,
2320,2251,Apt Pupil,1998,Drama|Thriller,144,3.1319444444444446
2321,2252,Pleasantville,1998,Comedy,920,3.6760869565217393
2322,2253,Soldier,1998,Action|Adventure|Sci-Fi|Thriller|War,227,2.920704845814978
2323,2254,The Cruise,1998,Documentary,29,3.9310344827586206
2324,2255,Life Is Beautiful,1997,Comedy|Drama,905,4.32817679558011
2325,2256,Orgazmo,1997,Comedy,99,3.1414141414141414
2326,2257,Shattered Image,1998,Drama|Thriller,8,2.875
2327,2258,Tales from the Darkside: The Movie,1990,Horror,84,2.869047619047619
2328,2259,Vampires,1998,Horror,130,2.8076923076923075
2329,2260,American History X,1998,Drama,515,4.252427184466019
2330,2261,Hands on a Hard Body,1996,Documentary,70,4.085714285714285
2331,2262,Living Out Loud,1998,Comedy|Romance,144,3.1944444444444446
2332,2263,Belly,1998,Crime|Drama,6,2.8333333333333335
2333,2264,Gods and Monsters,1998,Drama,466,3.828326180257511
2334,2265,The Siege,1998,Action|Thriller,304,3.1184210526315788
2335,2266,The Waterboy,1998,Comedy,334,2.92814371257485
2336,2267,Elizabeth,1998,Drama,746,4.022788203753351
2337,2268,Velvet Goldmine,1998,Drama,98,3.2244897959183674
2338,2269,I Still Know What You Did Last Summer,1998,Horror|Mystery|Thriller,244,2.2131147540983607
2339,2270,I'll Be Home For Christmas,1998,Comedy|Romance,22,2.8181818181818183
2340,2271,Meet Joe Black,1998,Romance,265,3.241509433962264
2341,2272,Dancing at Lughnasa,1998,Drama,42,3.238095238095238
2342,2273,Hard Core Logo,1996,Comedy,11,3.727272727272727
2343,2274,The Naked Man,1998,Drama,2,2.0
2344,2275,Runaway Train,1985,Action|Adventure|Drama|Thriller,154,3.3766233766233764
2345,2276,Desert Bloom,1986,Drama,34,3.3823529411764706
2346,2277,The Stepford Wives,1975,Sci-Fi|Thriller,240,3.3041666666666667
2347,2278,The Pope of Greenwich Village,1984,Action,74,3.7837837837837838
2348,2279,Sid and Nancy,1986,Drama,248,3.592741935483871
2349,2280,Mona Lisa,1986,Comedy|Thriller,132,3.6136363636363638
2350,2281,Heart Condition,1990,Comedy,15,2.7333333333333334
2351,2282,Nights of Cabiria,1957,Drama,91,4.252747252747253
2352,2283,The Big Chill,1983,Comedy|Drama,650,3.8430769230769233
2353,2284,Enemy of the State,1998,Action|Thriller,785,3.6662420382165606
2354,2285,The Rugrats Movie,1998,Animation|Children's|Comedy,114,2.8157894736842106
2355,2286,A Bug's Life,1998,Animation|Children's|Comedy,1351,3.8645447816432275
2356,2287,Celebrity,1998,Comedy,73,2.9452054794520546
2357,2288,Central Station,1998,Drama,165,4.260606060606061
2358,2289,Savior,1998,Drama,3,4.333333333333333
2359,2290,Waking Ned Devine,1998,Comedy,559,3.8783542039355994
2360,2291,The Celebration,1998,Drama,93,4.301075268817204
2361,2292,Pink Flamingos,1972,Comedy,123,3.268292682926829
2362,2293,Glen or Glenda,1953,Drama,43,2.86046511627907
2363,2294,Godzilla,1954,Action|Sci-Fi,254,3.2755905511811023
2364,2295,Godzilla,1984,Action|Sci-Fi,95,2.8
2365,2296,King Kong vs. Godzilla,1962,Action|Sci-Fi,105,2.723809523809524
2366,2297,King Kong,1933,Action|Adventure|Horror,622,3.67524115755627
2367,2298,King Kong,1976,Action|Adventure|Horror,254,2.7598425196850394
2368,2299,King Kong Lives,1986,Action|Adventure|Horror,47,1.5957446808510638
2369,2300,Desperately Seeking Susan,1985,Comedy|Romance,675,2.968888888888889
2370,2301,The Emerald Forest,1985,Action|Adventure|Drama,119,3.4873949579831933
2371,2302,Fletch,1985,Comedy,482,3.595435684647303
2372,2303,Fletch Lives,1989,Comedy,199,2.959798994974874
2373,2304,Red Sonja,1985,Action|Adventure,154,2.4805194805194803
2374,2305,Gung Ho,1986,Comedy|Drama,188,2.978723404255319
2375,2306,The Money Pit,1986,Comedy,334,2.895209580838323
2376,2307,A View to a Kill,1985,Action,265,3.267924528301887
2377,2308,Lifeforce,1985,Horror|Sci-Fi,138,2.9420289855072466
2378,2309,Police Academy,1984,Comedy,333,2.984984984984985
2379,2310,Police Academy 2: Their First Assignment,1985,Comedy,180,2.388888888888889
2380,2311,Police Academy 3: Back in Training,1986,Comedy,161,2.0
2381,2312,Police Academy 4: Citizens on Patrol,1987,Comedy,141,1.9716312056737588
2382,2313,Police Academy 5: Assignment: Miami Beach,1988,Comedy,116,1.8017241379310345
2383,2314,Police Academy 6: City Under Siege,1989,Comedy,112,1.6875
2384,2315,Babe: Pig in the City,1998,Children's|Comedy,407,3.2997542997542997
2385,2316,Home Fries,1998,Comedy|Romance,126,2.5873015873015874
2386,2317,Jerry Springer: Ringmaster,1998,Drama,47,2.0425531914893615
2387,2318,Very Bad Things,1998,Comedy|Crime,168,2.6964285714285716
2388,2319,Steam: The Turkish Bath,1997,Drama|Romance,12,3.0833333333333335
2389,2320,Psycho,1998,Crime|Horror|Thriller,217,2.6497695852534564
2390,2321,Little Voice,1998,Comedy,259,3.675675675675676
2391,2322,A Simple Plan,1998,Crime|Thriller,607,3.7644151565074133
2392,2323,Jack Frost,1998,Comedy|Drama,177,2.1920903954802258
2393,2324,Star Trek: Insurrection,1998,Action|Sci-Fi,654,3.388379204892966
2394,2325,The Prince of Egypt,1998,Animation|Musical,453,3.5849889624724063
2395,2326,Rushmore,1998,Comedy,978,3.8640081799591
2396,2327,Shakespeare in Love,1998,Comedy|Romance,1885,4.127851458885941
2397,2328,Mass Appeal,1984,Drama,15,3.3333333333333335
2398,2329,Miracle on 34th Street,1947,Drama,302,3.9900662251655628
2399,2330,Santa Claus: The Movie,1985,Adventure|Children's|Fantasy,179,2.636871508379888
2400,2331,Prancer,1989,Children's|Drama,37,2.945945945945946
2401,2332,Pale Rider,1985,Western,250,3.78
2402,2333,Rambo: First Blood Part II,1985,Action|War,320,2.85
2403,2334,First Blood,1982,Action,324,3.5462962962962963
2404,2335,Rambo III,1988,Action|War,251,2.266932270916335
2405,2336,The Jewel of the Nile,1985,Action|Adventure|Comedy|Romance,539,3.174397031539889
2406,2337,Romancing the Stone,1984,Action|Adventure|Comedy|Romance,1090,3.684403669724771
2407,2338,Cocoon,1985,Comedy|Sci-Fi,789,3.5183776932826363
2408,2339,Cocoon: The Return,1988,Comedy|Sci-Fi,209,2.521531100478469
2409,2340,Rocky II,1979,Action|Drama,382,3.18848167539267
2410,2341,Rocky III,1982,Action|Drama,327,2.8470948012232418
2411,2342,Rocky IV,1985,Action|Drama,296,2.64527027027027
2412,2343,Rocky V,1990,Action|Drama,229,2.126637554585153
2413,2344,Clue,1985,Comedy|Mystery,360,3.2777777777777777
2414,2345,Young Sherlock Holmes,1985,Action|Adventure|Mystery,292,3.3801369863013697
2415,2346,Violets Are Blue...,1986,Drama|Romance,12,3.0
2416,2347,Back to School,1986,Comedy,276,3.119565217391304
2417,2348,Heartburn,1986,Comedy|Drama,55,2.9272727272727272
2418,2349,Nothing in Common,1986,Comedy,86,3.058139534883721
2419,2350,Extremities,1986,Drama|Thriller,59,3.2542372881355934
2420,2351,The Karate Kid,1984,Drama,379,3.4036939313984167
2421,2352,"The Karate Kid, Part II",1986,Action|Adventure|Drama,375,2.712
2422,2353,The Karate Kid III,1989,Action|Adventure|Drama,241,2.128630705394191
2423,2354,Christmas Vacation,1989,Comedy,393,3.6055979643765905
2424,2355,You've Got Mail,1998,Comedy|Romance,683,3.383601756954612
2425,2356,The General,1998,Crime,47,3.617021276595745
2426,2357,The Theory of Flight,1998,Comedy|Drama|Romance,22,3.0
2427,2358,The Thin Red Line,1998,Action|Drama|War,640,3.4421875
2428,2359,The Faculty,1998,Horror|Sci-Fi,408,2.7794117647058822
2429,2360,Mighty Joe Young,1998,Adventure|Children's|Drama,140,2.8214285714285716
2430,2361,Mighty Joe Young,1949,Adventure|Children's|Drama,123,3.1219512195121952
2431,2362,Patch Adams,1998,Comedy|Drama,390,3.1205128205128205
2432,2363,Stepmom,1998,Drama,120,3.1416666666666666
2433,2364,A Civil Action,1998,Drama,498,3.3473895582329316
2434,2365,Down in the Delta,1998,Drama,45,3.688888888888889
2435,2366,Hurlyburly,1998,Drama,78,3.1794871794871793
2436,2367,Tea with Mussolini,1999,Comedy,98,3.5510204081632653
2437,2368,Wilde,1997,Drama,72,3.5555555555555554
2438,2369,Outside Ozona,1998,Drama|Thriller,1,4.0
2439,2370,Affliction,1997,Drama,162,3.685185185185185
2440,2371,Another Day in Paradise,1998,Drama,38,3.3421052631578947
2441,2372,The Hi-Lo Country,1998,Drama|Western,24,3.125
2442,2373,Hilary and Jackie,1998,Drama,114,3.9035087719298245
2443,2374,Playing by Heart,1998,Drama|Romance,104,3.5865384615384617
2444,2375,24 7: Twenty Four Seven,1997,Comedy|Drama,5,4.0
2445,2376,At First Sight,1999,Drama,60,2.7666666666666666
2446,2377,In Dreams,1999,Thriller,52,2.3846153846153846
2447,2378,Varsity Blues,1999,Comedy|Drama,220,3.0954545454545452
2448,2379,Virus,1999,Horror|Sci-Fi,152,2.361842105263158
2449,2380,The Garbage Pail Kids Movie,1987,Adventure|Children's,24,1.5833333333333333
2450,2381,Howard the Duck,1986,Adventure|Children's|Sci-Fi,352,2.0880681818181817
2451,2382,The Gate,1987,Horror,84,2.619047619047619
2452,2383,The Gate II: Trespassers,1990,Horror,15,1.4666666666666666
2453,2384,The Boy Who Could Fly,1986,Drama|Fantasy,139,3.2158273381294964
2454,2385,The Fly,1958,Horror|Sci-Fi,381,3.388451443569554
2455,2386,The Fly,1986,Horror|Sci-Fi,860,3.4232558139534883
2456,2387,The Fly II,1989,Horror|Sci-Fi,233,2.291845493562232
2457,2388,Running Scared,1986,Action|Comedy,205,3.370731707317073
2458,2389,Armed and Dangerous,1986,Comedy|Crime,106,2.5
2459,2390,The Texas Chainsaw Massacre,1974,Horror,200,3.2
2460,2391,The Texas Chainsaw Massacre 2,1986,Horror,99,2.303030303030303
2461,2392,Leatherface: Texas Chainsaw Massacre III,1990,Horror,53,2.1320754716981134
2462,2393,The Return of the Texas Chainsaw Massacre,1994,Horror,47,1.9148936170212767
2463,2394,Ruthless People,1986,Comedy,387,3.4728682170542635
2464,2395,Trick or Treat,1986,Horror,7,2.5714285714285716
2465,2396,Deadly Friend,1986,Horror,34,2.0588235294117645
2466,2397,Belizaire the Cajun,1986,Drama,10,3.8
2467,2398,The Name of the Rose,1986,Mystery,261,3.8505747126436782
2468,2399,Jumpin' Jack Flash,1986,Action|Comedy|Romance|Thriller,301,2.780730897009967
2469,2400,Peggy Sue Got Married,1986,Comedy|Romance,412,3.2815533980582523
2470,2401,Crocodile Dundee,1986,Adventure|Comedy,725,3.423448275862069
2471,2402,Crocodile Dundee II,1988,Adventure|Comedy,339,2.6194690265486726
2472,2403,Tough Guys,1986,Comedy,76,3.026315789473684
2473,2404,Soul Man,1986,Comedy,151,2.377483443708609
2474,2405,The Color of Money,1986,Drama,279,3.4193548387096775
2475,2406,52 Pick-Up,1986,Action|Mystery|Thriller,112,3.3660714285714284
2476,2407,Heartbreak Ridge,1986,Action|War,236,3.292372881355932
2477,2408,Firewalker,1986,Adventure,32,2.34375
2478,2409,Three Amigos!,1986,Comedy|Western,456,3.1140350877192984
2479,2410,Gloria,1999,Drama|Thriller,34,2.3823529411764706
2480,2411,Dry Cleaning,1997,Drama,2,4.5
2481,2412,My Name Is Joe,1998,Drama|Romance,27,3.5555555555555554
2482,2413,Still Crazy,1998,Comedy|Romance,24,3.4166666666666665
2483,2414,The Day of the Beast,1995,Comedy|Horror|Thriller,23,2.739130434782609
2484,2415,Tinseltown,1998,Comedy,0,
2485,2416,She's All That,1999,Comedy|Romance,324,3.1141975308641974
2486,2417,24-hour Woman,1998,Drama,8,1.75
2487,2418,"Blood, Guts, Bullets and Octane",1998,Action|Comedy,7,2.4285714285714284
2488,2419,Peeping Tom,1960,Drama|Horror|Thriller,70,3.8857142857142857
2489,2420,Spanish Fly,1998,Drama,0,
2490,2421,Payback,1999,Action|Thriller,634,3.5189274447949526
2491,2422,Simply Irresistible,1999,Comedy|Romance,94,2.6595744680851063
2492,2423,20 Dates,1998,Comedy,114,2.8421052631578947
2493,2424,The Harmonists,1997,Drama,21,4.333333333333333
2494,2425,The Last Days,1998,Documentary,20,4.15
2495,2426,The Fantastic Planet,1973,Animation|Sci-Fi,74,3.7837837837837838
2496,2427,Blast from the Past,1999,Comedy|Romance,296,3.3412162162162162
2497,2428,Message in a Bottle,1999,Romance,134,2.873134328358209
2498,2429,My Favorite Martian,1999,Comedy|Sci-Fi,104,2.3076923076923075
2499,2430,God Said 'Ha!',1998,Comedy,46,3.5652173913043477
2500,2431,Jawbreaker,1999,Comedy,98,2.561224489795918
2501,2432,October Sky,1999,Drama,479,4.150313152400835
2502,2433,Office Space,1999,Comedy|Romance,695,3.80431654676259
2503,2434,The Apple,1998,Drama,7,4.571428571428571
2504,2435,200 Cigarettes,1999,Comedy|Drama,129,2.9147286821705425
2505,2436,8MM,1999,Thriller,224,2.888392857142857
2506,2437,The Other Sister,1999,Comedy|Drama|Romance,132,3.303030303030303
2507,2438,Breakfast of Champions,1999,Comedy,41,2.902439024390244
2508,2439,The Breaks,1999,Drama,0,
2509,2440,Eight Days a Week,1997,Comedy,16,2.875
2510,2441,Just the Ticket,1999,Comedy|Romance,2,3.5
2511,2442,The Long Goodbye,1973,Crime,62,3.8548387096774195
2512,2443,The Ballad of Narayama,1982,Drama,17,3.8823529411764706
2513,2444,Pet Sematary,1989,Horror,238,2.9453781512605044
2514,2445,Pet Sematary II,1992,Horror,84,2.0595238095238093
2515,2446,Children of the Corn II: The Final Sacrifice,1993,Horror,43,1.813953488372093
2516,2447,Children of the Corn III,1994,Horror,39,1.8717948717948718
2517,2448,Christine,1983,Horror,218,3.041284403669725
2518,2449,Night Shift,1982,Comedy,229,3.4366812227074237
2519,2450,House on Haunted Hill,1958,Horror,75,3.1333333333333333
2520,2451,Airport,1970,Drama,138,3.0869565217391304
2521,2452,Airport 1975,1974,Drama,70,2.6714285714285713
2522,2453,Airport '77,1977,Drama,64,2.453125
2523,2454,Rollercoaster,1977,Drama|Thriller,35,2.342857142857143
2524,2455,The Towering Inferno,1974,Action|Drama,221,3.0407239819004523
2525,2456,Alligator,1980,Action|Horror|Sci-Fi,128,2.21875
2526,2457,Meteor,1979,Sci-Fi,106,2.4056603773584904
2527,2458,Westworld,1973,Action|Sci-Fi|Thriller|Western,497,3.4688128772635816
2528,2459,Logan's Run,1976,Action|Adventure|Sci-Fi,494,3.5
2529,2460,Planet of the Apes,1968,Action|Sci-Fi,938,3.7004264392324093
2530,2461,Beneath the Planet of the Apes,1970,Action|Sci-Fi,284,2.9225352112676055
2531,2462,Battle for the Planet of the Apes,1973,Action|Sci-Fi,257,2.867704280155642
2532,2463,Conquest of the Planet of the Apes,1972,Action|Sci-Fi,277,2.8231046931407944
2533,2464,Escape from the Planet of the Apes,1971,Action|Sci-Fi,356,2.980337078651685
2534,2465,Avalanche,1978,Action,14,2.4285714285714284
2535,2466,Earthquake,1974,Action,90,2.8555555555555556
2536,2467,The Concorde: Airport '79,1979,Drama,30,1.9333333333333333
2537,2468,Beyond the Poseidon Adventure,1979,Adventure,28,1.8571428571428572
2538,2469,Dancemaker,1998,Documentary,4,3.25
2539,2470,Analyze This,1999,Comedy,495,3.371717171717172
2540,2471,The Corruptor,1999,Action|Crime|Drama|Thriller,127,3.0393700787401574
2541,2472,Cruel Intentions,1999,Drama,443,3.1963882618510158
2542,2473,"Lock, Stock & Two Smoking Barrels",1998,Comedy|Crime|Thriller,485,3.892783505154639
2543,2474,Six Ways to Sunday,1997,Comedy,2,3.5
2544,2475,The School of Flesh,1998,Drama,14,2.9285714285714284
2545,2476,Relax... It's Just Sex,1998,Comedy,10,2.8
2546,2477,The Deep End of the Ocean,1999,Drama,129,2.945736434108527
2547,2478,Harvest,1998,Drama,0,
2548,2479,The Rage: Carrie 2,1999,Horror,86,2.2209302325581395
2549,2480,Wing Commander,1999,Action|Sci-Fi,143,2.230769230769231
2550,2481,The Haunting,1963,Horror|Thriller,145,3.524137931034483
2551,2482,Dead Ringers,1988,Drama|Thriller,147,3.2789115646258504
2552,2483,My Boyfriend's Back,1993,Comedy,23,2.347826086956522
2553,2484,Village of the Damned,1960,Horror|Sci-Fi|Thriller,178,3.3258426966292136
2554,2485,Children of the Damned,1963,Horror|Sci-Fi|Thriller,107,3.177570093457944
2555,2486,Baby Geniuses,1999,Comedy,134,1.6791044776119404
2556,2487,Telling You,1998,Comedy|Drama|Romance,0,
2557,2488,I Stand Alone,1998,Drama,5,3.4
2558,2489,Forces of Nature,1999,Comedy|Romance,200,2.715
2559,2490,The King and I,1999,Animation|Children's,20,2.6
2560,2491,Ravenous,1999,Drama|Horror,135,3.111111111111111
2561,2492,True Crime,1999,Crime|Thriller,109,3.0642201834862384
2562,2493,Bandits,1997,Drama,7,4.142857142857143
2563,2494,Beauty,1998,Drama,1,3.0
2564,2495,The Empty Mirror,1999,Drama,0,
2565,2496,The King and I,1956,Musical,302,3.943708609271523
2566,2497,Doug's 1st Movie,1999,Animation|Children's,26,2.076923076923077
2567,2498,EDtv,1999,Comedy,240,3.154166666666667
2568,2499,The Mod Squad,1999,Action|Crime,169,2.088757396449704
2569,2500,Among Giants,1998,Drama|Romance,8,3.625
2570,2501,A Walk on the Moon,1999,Drama|Romance,78,3.576923076923077
2571,2502,The Matrix,1999,Action|Sci-Fi|Thriller,2007,4.312406576980568
2572,2503,10 Things I Hate About You,1999,Comedy|Romance,551,3.4192377495462796
2573,2504,Tango,1998,Drama,36,3.4166666666666665
2574,2505,The Out-of-Towners,1999,Comedy,166,2.7048192771084336
2575,2506,The Dreamlife of Angels,1998,Drama,116,4.017241379310345
2576,2507,"Love, etc.",1996,Drama,3,2.0
2577,2508,Metroland,1997,Comedy|Drama,23,3.347826086956522
2578,2509,The Sticky Fingers of Time,1997,Sci-Fi,2,3.5
2579,2510,Following,1998,Drama,25,3.76
2580,2511,Go,1999,Crime,567,3.8483245149911816
2581,2512,Never Been Kissed,1999,Comedy|Romance,485,3.1484536082474226
2582,2513,Twin Dragons,1992,Action|Comedy,57,3.0
2583,2514,Cookie's Fortune,1999,Mystery,186,3.618279569892473
2584,2515,Foolish,1999,Comedy,1,3.0
2585,2516,The Lovers of the Arctic Circle,1998,Drama|Romance,47,3.851063829787234
2586,2517,"Goodbye, Lover",1999,Comedy|Crime|Thriller,21,3.0476190476190474
2587,2518,Life,1999,Comedy,86,2.9302325581395348
2588,2519,Clubland,1998,Drama,0,
2589,2520,Friends & Lovers,1999,Comedy|Drama|Romance,47,2.872340425531915
2590,2521,Hideous Kinky,1998,Drama,39,2.871794871794872
2591,2522,Jeanne and the Perfect Guy,1998,Comedy|Romance,2,2.0
2592,2523,The Joyriders,1999,Drama,1,3.0
2593,2524,The Monster,1994,Comedy,29,3.6551724137931036
2594,2525,Open Your Eyes,1997,Drama|Romance|Sci-Fi,53,3.8679245283018866
2595,2526,Photographer,1998,Documentary,0,
2596,2527,SLC Punk!,1998,Comedy|Drama,113,3.6106194690265485
2597,2528,Lost & Found,1999,Comedy|Romance,52,2.6538461538461537
2598,2529,Pushing Tin,1999,Comedy,448,3.0066964285714284
2599,2530,Election,1999,Comedy,1227,3.937245313773431
2600,2531,eXistenZ,1999,Action|Sci-Fi|Thriller,308,3.2305194805194803
2601,2532,A Little Bit of Soul,1998,Comedy,0,
2602,2533,Mighty Peking Man,1977,Adventure|Sci-Fi,4,3.0
2603,2534,Nô,1998,Drama,0,
2604,2535,Let it Come Down: The Life of Paul Bowles,1998,Documentary,0,
2605,2536,Entrapment,1999,Crime|Thriller,630,3.153968253968254
2606,2537,Idle Hands,1999,Comedy|Horror,171,2.7251461988304095
2607,2538,Get Real,1998,Drama,56,4.178571428571429
2608,2539,Heaven,1998,Thriller,5,2.6
2609,2540,The King of Masks,1996,Drama,55,4.181818181818182
2610,2541,Three Seasons,1999,Drama,34,3.911764705882353
2611,2542,The Winslow Boy,1998,Drama,121,3.9008264462809916
2612,2543,Mildred Pierce,1945,Drama,112,4.080357142857143
2613,2544,Night of the Comet,1984,Action|Horror|Sci-Fi,231,3.121212121212121
2614,2545,Chopping Mall,1986,Action|Horror|Sci-Fi,32,2.0
2615,2546,My Science Project,1985,Adventure|Sci-Fi,152,3.0328947368421053
2616,2547,Dick Tracy,1990,Action|Crime,506,2.685770750988142
2617,2548,The Mummy,1999,Action|Adventure|Horror|Thriller,826,3.3196125907990313
2618,2549,The Castle,1997,Comedy,38,4.0
2619,2550,Mascara,1999,Drama,1,3.0
2620,2551,This Is My Father,1998,Drama|Romance,28,3.7857142857142856
2621,2552,Xiu Xiu: The Sent-Down Girl,1998,Drama|Romance,52,3.6346153846153846
2622,2553,A Midsummer Night's Dream,1999,Comedy|Fantasy,338,3.3727810650887573
2623,2554,Trippin',1999,Comedy,3,2.3333333333333335
2624,2555,After Life,1998,Drama,83,4.036144578313253
2625,2556,Black Mask,1996,Action,52,3.019230769230769
2626,2557,Edge of Seventeen,1998,Comedy|Drama|Romance,31,3.7419354838709675
2627,2558,Endurance,1998,Documentary|Drama,13,3.3846153846153846
2628,2559,Star Wars: Episode I - The Phantom Menace,1999,Action|Adventure|Fantasy|Sci-Fi,1747,3.4127074985689756
2629,2560,The Love Letter,1999,Comedy|Romance,118,2.7288135593220337
2630,2561,Besieged,1998,Drama,31,3.4516129032258065
2631,2562,Frogs for Snakes,1998,Comedy|Film-Noir|Thriller,3,2.0
2632,2563,The Saragossa Manuscript,1965,Drama,7,3.2857142857142856
2633,2564,The Mummy,1932,Horror|Romance,131,3.5343511450381677
2634,2565,The Mummy,1959,Horror,76,3.1710526315789473
2635,2566,The Mummy's Curse,1944,Horror,21,2.9523809523809526
2636,2567,The Mummy's Ghost,1944,Horror,10,2.7
2637,2568,The Mummy's Hand,1940,Horror,28,2.7857142857142856
2638,2569,The Mummy's Tomb,1942,Horror,28,2.7857142857142856
2639,2570,Mommie Dearest,1981,Drama,132,3.212121212121212
2640,2571,Superman,1978,Action|Adventure|Sci-Fi,986,3.5628803245436105
2641,2572,Superman II,1980,Action|Adventure|Sci-Fi,688,3.122093023255814
2642,2573,Superman III,1983,Action|Adventure|Sci-Fi,417,2.3357314148681056
2643,2574,Superman IV: The Quest for Peace,1987,Action|Adventure|Sci-Fi,268,1.8694029850746268
2644,2575,Dracula,1931,Horror,184,3.8315217391304346
2645,2576,Dracula,1958,Horror,79,3.392405063291139
2646,2577,House of Dracula,1945,Horror,31,2.870967741935484
2647,2578,House of Frankenstein,1944,Horror,38,3.1578947368421053
2648,2579,Frankenstein,1931,Horror,323,3.959752321981424
2649,2580,Son of Frankenstein,1939,Horror,48,3.4583333333333335
2650,2581,The Ghost of Frankenstein,1942,Horror,24,2.7083333333333335
2651,2582,Frankenstein Meets the Wolf Man,1943,Horror,68,3.2058823529411766
2652,2583,The Curse of Frankenstein,1957,Horror,42,2.8333333333333335
2653,2584,Son of Dracula,1943,Horror,35,2.8
2654,2585,The Wolf Man,1941,Horror,110,3.709090909090909
2655,2586,Howling II: Your Sister Is a Werewolf,1985,Horror,41,1.6585365853658536
2656,2587,Tarantula,1955,Horror|Sci-Fi,45,2.8
2657,2588,The Rocky Horror Picture Show,1975,Comedy|Horror|Musical|Sci-Fi,1002,3.3003992015968064
2658,2589,The Flying Saucer,1950,Sci-Fi,11,3.090909090909091
2659,2590,It Came from Hollywood,1982,Comedy|Documentary,35,3.2285714285714286
2660,2591,The Thing From Another World,1951,Sci-Fi,113,3.893805309734513
2661,2592,It Came from Outer Space,1953,Sci-Fi,70,3.357142857142857
2662,2593,The War of the Worlds,1953,Action|Sci-Fi|War,448,3.8705357142857144
2663,2594,It Came from Beneath the Sea,1955,Sci-Fi,46,2.9782608695652173
2664,2595,Invasion of the Body Snatchers,1956,Horror|Sci-Fi,508,3.8976377952755907
2665,2596,Earth Vs. the Flying Saucers,1956,Sci-Fi,61,3.4754098360655736
2666,2597,It Conquered the World,1956,Sci-Fi,19,3.263157894736842
2667,2598,The Mole People,1956,Sci-Fi,47,2.6808510638297873
2668,2599,Swamp Thing,1982,Horror|Sci-Fi,219,2.5159817351598175
2669,2600,Pork Chop Hill,1959,War,83,3.746987951807229
2670,2601,"Run Silent, Run Deep",1958,War,174,4.005747126436781
2671,2602,Notting Hill,1999,Comedy|Romance,621,3.684380032206119
2672,2603,The Thirteenth Floor,1999,Drama|Sci-Fi|Thriller,304,3.2203947368421053
2673,2604,Eternity and a Day,1998,Drama,6,3.6666666666666665
2674,2605,The Loss of Sexual Innocence,1999,Drama,20,2.65
2675,2606,Twice Upon a Yesterday,1998,Comedy|Drama|Romance,9,3.2222222222222223
2676,2607,Instinct,1999,Drama|Thriller,203,3.167487684729064
2677,2608,Buena Vista Social Club,1999,Documentary,180,4.05
2678,2609,Desert Blue,1999,Drama,15,2.933333333333333
2679,2610,Finding North,1999,Drama|Romance,5,2.6
2680,2611,Floating,1997,Drama,0,
2681,2612,Free Enterprise,1998,Comedy|Romance|Sci-Fi,38,3.526315789473684
2682,2613,Limbo,1999,Drama,75,4.1066666666666665
2683,2614,Austin Powers: The Spy Who Shagged Me,1999,Comedy,1143,3.3814523184601923
2684,2615,Taxman,1999,Comedy|Drama,0,
2685,2616,The Red Dwarf,1998,Comedy|Drama,3,3.0
2686,2617,The Red Violin,1998,Drama|Mystery,469,3.9680170575692966
2687,2618,Tarzan,1999,Animation|Children's,351,3.658119658119658
2688,2619,The General's Daughter,1999,Drama|Thriller,563,3.149200710479574
2689,2620,Get Bruce,1999,Documentary,35,3.4
2690,2621,An Ideal Husband,1999,Comedy,304,3.713815789473684
2691,2622,The Legend of 1900,1998,Drama,14,2.642857142857143
2692,2623,Run Lola Run,1998,Action|Crime|Romance,858,4.215617715617715
2693,2624,Trekkies,1997,Documentary,190,3.873684210526316
2694,2625,Big Daddy,1999,Comedy,643,3.1632970451010887
2695,2626,The Boys,1997,Drama,8,2.5
2696,2627,The Dinner Game,1998,Comedy,65,3.6307692307692307
2697,2628,My Son the Fanatic,1998,Comedy|Drama|Romance,42,3.7142857142857144
2698,2629,Zone 39,1997,Sci-Fi,0,
2699,2630,Arachnophobia,1990,Action|Comedy|Sci-Fi|Thriller,1105,2.9891402714932127
2700,2631,"South Park: Bigger, Longer and Uncut",1999,Animation|Comedy,1000,3.774
2701,2632,Wild Wild West,1999,Action|Sci-Fi|Western,731,2.161422708618331
2702,2633,Summer of Sam,1999,Drama,318,3.0786163522012577
2703,2634,Broken Vessels,1998,Drama,0,
2704,2635,The Lovers on the Bridge,1991,Drama|Romance,31,3.064516129032258
2705,2636,"Late August, Early September",1998,Drama,6,3.0
2706,2637,American Pie,1999,Comedy,1146,3.730366492146597
2707,2638,Arlington Road,1999,Thriller,501,3.497005988023952
2708,2639,An Autumn Tale,1998,Romance,39,3.717948717948718
2709,2640,Muppets From Space,1999,Children's|Comedy,187,3.1390374331550803
2710,2641,The Blair Witch Project,1999,Horror,986,3.052738336713996
2711,2642,My Life So Far,1999,Drama,28,3.642857142857143
2712,2643,Eyes Wide Shut,1999,Drama,756,3.205026455026455
2713,2644,Lake Placid,1999,Horror|Thriller,338,2.514792899408284
2714,2645,The Wood,1999,Drama,74,3.2027027027027026
2715,2646,The Velocity of Gary,1998,Comedy|Romance,15,2.2666666666666666
2716,2647,Ghostbusters,1984,Comedy|Horror,1731,3.905834777585211
2717,2648,Ghostbusters II,1989,Comedy|Horror,449,2.915367483296214
2718,2649,Drop Dead Gorgeous,1999,Comedy,299,3.1438127090301005
2719,2650,The Haunting,1999,Horror|Thriller,395,2.3848101265822783
2720,2651,Inspector Gadget,1999,Action|Adventure|Children's|Comedy,297,2.2154882154882154
2721,2652,Trick,1999,Romance,75,3.84
2722,2653,Deep Blue Sea,1999,Action|Sci-Fi|Thriller,480,2.847916666666667
2723,2654,Mystery Men,1999,Action|Adventure|Comedy,676,3.022189349112426
2724,2655,Runaway Bride,1999,Comedy|Romance,510,3.1137254901960785
2725,2656,Twin Falls Idaho,1999,Drama,74,3.824324324324324
2726,2657,The Killing,1956,Crime|Film-Noir,108,4.157407407407407
2727,2658,Killer's Kiss,1955,Film-Noir,26,3.5384615384615383
2728,2659,Spartacus,1960,Drama,328,4.036585365853658
2729,2660,Lolita,1962,Drama,172,3.895348837209302
2730,2661,Barry Lyndon,1975,Drama,141,3.5460992907801416
2731,2662,The 400 Blows,1959,Drama,155,4.348387096774194
2732,2663,Jules and Jim,1961,Drama,114,4.052631578947368
2733,2664,Vibes,1988,Adventure|Comedy,45,2.4
2734,2665,The Mosquito Coast,1986,Drama,369,3.3577235772357725
2735,2666,The Golden Child,1986,Action|Adventure|Comedy,361,2.919667590027701
2736,2667,Brighton Beach Memoirs,1986,Comedy,182,3.4450549450549453
2737,2668,Assassination,1987,Action,15,2.8
2738,2669,Crimes of the Heart,1986,Comedy|Drama,71,3.4225352112676055
2739,2670,The Color Purple,1985,Drama,357,3.8739495798319328
2740,2671,The Kindred,1986,Horror,12,2.5833333333333335
2741,2672,No Mercy,1986,Action|Thriller,45,3.022222222222222
2742,2673,Ménage,1986,Comedy|Drama,1,2.0
2743,2674,Native Son,1986,Drama,20,3.5
2744,2675,Otello,1986,Drama,30,3.7333333333333334
2745,2676,The Mission,1986,Drama,191,3.884816753926702
2746,2677,Little Shop of Horrors,1986,Comedy|Horror|Musical,740,3.327027027027027
2747,2678,The Little Shop of Horrors,1960,Comedy|Horror,280,3.232142857142857
2748,2679,Allan Quartermain and the Lost City of Gold,1987,Action|Adventure,109,2.128440366972477
2749,2680,The Morning After,1986,Drama|Mystery,74,3.2162162162162162
2750,2681,Radio Days,1987,Comedy|Drama,224,3.705357142857143
2751,2682,From the Hip,1987,Comedy,41,2.682926829268293
2752,2683,Outrageous Fortune,1987,Comedy|Mystery,146,2.910958904109589
2753,2684,The Bedroom Window,1987,Thriller,41,3.4878048780487805
2754,2685,Deadtime Stories,1987,Horror,12,1.8333333333333333
2755,2686,Light of Day,1987,Drama,29,2.7241379310344827
2756,2687,Wanted: Dead or Alive,1987,Action,27,3.2962962962962963
2757,2688,Frances,1982,Drama,98,3.7551020408163267
2758,2689,Plenty,1985,Drama,23,2.9565217391304346
2759,2690,Dick,1999,Comedy,350,3.32
2760,2691,The Gambler,1997,Drama,5,4.0
2761,2692,The Iron Giant,1999,Animation|Children's,545,4.060550458715596
2762,2693,The Sixth Sense,1999,Thriller,1937,4.424883840991224
2763,2694,The Thomas Crown Affair,1999,Action|Thriller,886,3.646726862302483
2764,2695,The Thomas Crown Affair,1968,Crime|Drama|Thriller,234,3.6196581196581197
2765,2696,The Acid House,1998,Comedy|Drama,7,2.7142857142857144
2766,2697,The Adventures of Sebastian Cole,1998,Comedy|Drama,28,3.5714285714285716
2767,2698,Illuminata,1998,Comedy,19,2.9473684210526314
2768,2699,Stiff Upper Lips,1998,Comedy,12,3.25
2769,2700,The Yards,1999,Crime|Mystery,60,3.216666666666667
2770,2701,Bowfinger,1999,Comedy,706,3.2790368271954673
2771,2702,Brokedown Palace,1999,Drama,138,2.869565217391304
2772,2703,Detroit Rock City,1999,Comedy,186,3.0161290322580645
2773,2704,Alice and Martin,1998,Drama,9,3.0
2774,2705,Better Than Chocolate,1999,Comedy|Romance,52,3.576923076923077
2775,2706,Head On,1998,Drama,10,3.3
2776,2707,"Marcello Mastroianni: I Remember Yes, I Remember",1997,Documentary,10,3.7
2777,2708,Cobra,1925,Drama,3,1.0
2778,2709,Never Talk to Strangers,1995,Thriller,26,2.5384615384615383
2779,2710,Heaven Can Wait,1978,Comedy,269,3.5947955390334574
2780,2711,The Raven,1963,Comedy|Horror,67,3.1044776119402986
2781,2712,The Tingler,1959,Horror,50,3.12
2782,2713,Pit and the Pendulum,1961,Horror,82,3.524390243902439
2783,2714,The Tomb of Ligeia,1965,Horror,8,2.625
2784,2715,The Masque of the Red Death,1964,Horror,45,3.2222222222222223
2785,2716,Tales of Terror,1962,Horror,21,3.0952380952380953
2786,2717,Haunted Honeymoon,1986,Comedy,65,2.4461538461538463
2787,2718,Cat's Eye,1985,Horror,127,2.921259842519685
2788,2719,And Now for Something Completely Different,1971,Comedy,358,4.131284916201118
2789,2720,Damien: Omen II,1978,Horror,124,3.1048387096774195
2790,2721,The Final Conflict,1981,Horror,48,2.6666666666666665
2791,2722,Airplane!,1980,Comedy,1392,3.956896551724138
2792,2723,Airplane II: The Sequel,1982,Comedy,447,2.953020134228188
2793,2724,An American Werewolf in Paris,1997,Comedy|Horror,210,2.7857142857142856
2794,2725,European Vacation,1985,Comedy,315,2.93015873015873
2795,2726,Vacation,1983,Comedy,436,3.8325688073394497
2796,2727,Funny Farm,1988,Comedy,189,2.9100529100529102
2797,2728,Big,1988,Comedy|Fantasy,1207,3.851698425849213
2798,2729,Problem Child,1990,Comedy,133,1.887218045112782
2799,2730,Problem Child 2,1991,Comedy,78,1.5256410256410255
2800,2731,Little Nemo: Adventures in Slumberland,1992,Animation|Children's,18,2.9444444444444446
2801,2732,Oscar and Lucinda,1997,Drama|Romance,65,3.4307692307692306
2802,2733,Tequila Sunrise,1988,Action|Romance|Thriller,238,3.0756302521008405
2803,2734,The Pelican Brief,1993,Thriller,269,3.2862453531598512
2804,2735,A Christmas Story,1983,Comedy|Drama,1053,4.236467236467236
2805,2736,Mickey Blue Eyes,1999,Comedy|Romance,366,2.866120218579235
2806,2737,Teaching Mrs. Tingle,1999,Comedy|Thriller,160,2.6125
2807,2738,Universal Soldier: The Return,1999,Action|Sci-Fi,69,1.7536231884057971
2808,2739,Universal Soldier,1992,Action|Sci-Fi,305,2.504918032786885
2809,2740,Love Stinks,1999,Comedy,16,2.375
2810,2741,Perfect Blue,1997,Animation|Mystery,34,4.0
2811,2742,With Friends Like These...,1998,Comedy,2,4.0
2812,2743,In Too Deep,1999,Action|Thriller,36,3.1944444444444446
2813,2744,The Source,1999,Documentary,23,3.6956521739130435
2814,2745,The Bat,1959,Horror,7,2.5714285714285716
2815,2746,Iron Eagle,1986,Action|War,205,2.6341463414634148
2816,2747,Iron Eagle II,1988,Action|War,133,1.8721804511278195
2817,2748,Aces: Iron Eagle III,1992,Action|War,98,1.6938775510204083
2818,2749,Iron Eagle IV,1995,Action|War,49,1.653061224489796
2819,2750,Three Days of the Condor,1975,Thriller,254,4.070866141732283
2820,2751,Hamlet,1964,Drama,40,3.65
2821,2752,Male and Female,1919,Adventure|Drama,3,2.6666666666666665
2822,2753,Medicine Man,1992,Adventure|Romance,206,3.0388349514563107
2823,2754,The Spiders,1919,Action|Drama,3,2.3333333333333335
2824,2755,On the Ropes,1999,Documentary,14,3.9285714285714284
2825,2756,Rosie,1998,Drama,4,2.75
2826,2757,The 13th Warrior,1999,Action|Horror|Thriller,612,3.183006535947712
2827,2758,The Astronaut's Wife,1999,Sci-Fi|Thriller,256,2.4140625
2828,2759,Dudley Do-Right,1999,Children's|Comedy,93,2.032258064516129
2829,2760,The Muse,1999,Comedy|Drama,133,2.992481203007519
2830,2761,Cabaret Balkan,1998,Drama,9,3.6666666666666665
2831,2762,A Dog of Flanders,1999,Drama,7,3.2857142857142856
2832,2763,The Lost Son,1999,Drama,0,
2833,2764,Lucie Aubrac,1997,Romance|War,6,3.6666666666666665
2834,2765,The Very Thought of You,1998,Comedy|Romance,17,3.588235294117647
2835,2766,Chill Factor,1999,Action|Thriller,42,2.5476190476190474
2836,2767,Outside Providence,1999,Comedy,127,3.393700787401575
2837,2768,Bedrooms & Hallways,1998,Comedy|Romance,18,3.388888888888889
2838,2769,I Woke Up Early the Day I Died,1998,Comedy,0,
2839,2770,West Beirut,1998,Drama,6,4.333333333333333
2840,2771,Stigmata,1999,Thriller,342,2.912280701754386
2841,2772,Stir of Echoes,1999,Thriller,399,3.6215538847117794
2842,2773,Best Laid Plans,1999,Crime|Drama,31,3.5483870967741935
2843,2774,"Black Cat, White Cat",1998,Comedy|Romance,21,3.9523809523809526
2844,2775,The Minus Man,1999,Drama|Mystery,65,3.0153846153846153
2845,2776,White Boys,1999,Drama,1,1.0
2846,2777,The Adventures of Milo and Otis,1986,Children's,127,3.393700787401575
2847,2778,Only Angels Have Wings,1939,Drama,26,3.8076923076923075
2848,2779,Othello,1952,Drama,33,3.9393939393939394
2849,2780,Queens Logic,1991,Comedy|Drama,21,2.857142857142857
2850,2781,Public Access,1993,Drama|Thriller,5,2.6
2851,2782,Saturn 3,1979,Adventure|Sci-Fi|Thriller,111,2.4864864864864864
2852,2783,A Soldier's Story,1984,Drama,133,3.7518796992481205
2853,2784,Communion,1977,Horror,22,2.9545454545454546
2854,2785,Don't Look in the Basement!,1973,Horror,7,2.142857142857143
2855,2786,Nightmares,1983,Horror,9,2.2222222222222223
2856,2787,I Saw What You Did,1965,Thriller,69,2.782608695652174
2857,2788,Yellow Submarine,1968,Animation|Musical,319,3.6551724137931036
2858,2789,American Beauty,1999,Comedy|Drama,2712,4.321533923303835
2859,2790,Stop Making Sense,1984,Documentary,194,4.262886597938144
2860,2791,Blue Streak,1999,Comedy,109,3.2844036697247705
2861,2792,For Love of the Game,1999,Comedy|Drama,289,3.141868512110727
2862,2793,Caligula,1980,Drama,66,2.5454545454545454
2863,2794,A Hard Day's Night,1964,Comedy|Musical,402,3.8930348258706466
2864,2795,Splendor,1999,Comedy,23,2.869565217391304
2865,2796,Sugar Town,1999,Comedy,18,3.111111111111111
2866,2797,The Buddy Holly Story,1978,Drama,156,3.6794871794871793
2867,2798,Fright Night,1985,Comedy|Horror,246,3.394308943089431
2868,2799,Fright Night Part II,1989,Horror,52,2.3076923076923075
2869,2800,The Separation,1994,Drama,2,2.5
2870,2801,Barefoot in the Park,1967,Comedy,148,3.6013513513513513
2871,2802,Deliverance,1972,Adventure|Thriller,584,3.953767123287671
2872,2803,Excalibur,1981,Action|Drama|Fantasy|Romance,595,3.816806722689076
2873,2804,Lulu on the Bridge,1998,Drama|Mystery|Romance,16,2.625
2874,2805,The Pajama Game,1957,Comedy,54,3.537037037037037
2875,2806,Sommersby,1993,Drama|Mystery|Romance,218,3.238532110091743
2876,2807,Thumbelina,1994,Animation|Children's,35,2.7142857142857144
2877,2808,Tommy,1975,Drama|Musical,163,3.0245398773006134
2878,2809,Hell Night,1981,Horror,29,2.1379310344827585
2879,2810,Operation Condor,1990,Action|Adventure|Comedy,131,3.49618320610687
2880,2811,Operation Condor 2,1990,Action|Adventure|Comedy,59,3.457627118644068
2881,2812,Double Jeopardy,1999,Action|Thriller,642,3.182242990654206
2882,2813,Jakob the Liar,1999,Drama,96,2.78125
2883,2814,Mumford,1999,Comedy,220,3.5318181818181817
2884,2815,Dog Park,1998,Comedy|Romance,39,2.58974358974359
2885,2816,Guinevere,1999,Drama|Romance,45,3.3333333333333335
2886,2817,The Adventures of Elmo in Grouchland,1999,Children's|Comedy,28,2.0357142857142856
2887,2818,Simon Sez,1999,Drama,4,2.25
2888,2819,Drive Me Crazy,1999,Comedy|Romance,95,2.705263157894737
2889,2820,"Mystery, Alaska",1999,Comedy,248,3.467741935483871
2890,2821,Three Kings,1999,Drama|War,831,3.8014440433212995
2891,2822,"Happy, Texas",1999,Comedy,146,3.4452054794520546
2892,2823,New Rose Hotel,1998,Action|Drama,10,2.7
2893,2824,Plunkett & MaCleane,1999,Action|Drama,36,2.861111111111111
2894,2825,Romance,1999,Drama|Romance,28,2.5714285714285716
2895,2826,Napoleon and Samantha,1972,Adventure,2,3.0
2896,2827,Alvarez Kelly,1966,Western,23,3.4347826086956523
2897,2828,And the Ship Sails On,1984,Comedy|War,16,3.25
2898,2829,The Dark Half,1993,Horror|Mystery,79,2.6582278481012658
2899,2830,Gulliver's Travels,1939,Adventure|Animation|Children's,97,3.556701030927835
2900,2831,Monkey Shines,1988,Horror|Sci-Fi,123,2.6991869918699187
2901,2832,Phantasm,1979,Horror|Sci-Fi,262,3.2290076335877864
2902,2833,Psycho II,1983,Horror|Thriller,136,2.4779411764705883
2903,2834,Psycho III,1986,Horror|Thriller,82,2.1097560975609757
2904,2835,Rain,1932,Drama,12,3.75
2905,2836,Sanjuro,1962,Action|Adventure,61,4.622950819672131
2906,2837,Random Hearts,1999,Drama|Romance,201,2.328358208955224
2907,2838,Superstar,1999,Comedy,170,2.411764705882353
2908,2839,Boys Don't Cry,1999,Drama,694,3.9855907780979827
2909,2840,"Five Wives, Three Secretaries and Me",1998,Documentary,1,4.0
2910,2841,"Ennui, L'",1998,Drama|Romance,0,
2911,2842,The Grandfather,1998,Drama,7,3.2857142857142856
2912,2843,The Limey,1999,Action|Crime|Drama,385,3.696103896103896
2913,2844,The Mating Habits of the Earthbound Human,1998,Comedy,11,3.1818181818181817
2914,2845,Molly,1999,Comedy|Drama,9,2.3333333333333335
2915,2846,Risky Business,1983,Comedy,703,3.6443812233285917
2916,2847,Total Recall,1990,Action|Adventure|Sci-Fi|Thriller,1639,3.6729713239780355
2917,2848,Body Heat,1981,Crime|Thriller,393,4.038167938931298
2918,2849,Ferris Bueller's Day Off,1986,Comedy,1174,4.124361158432709
2919,2850,Year of Living Dangerously,1982,Drama|Romance,315,3.911111111111111
2920,2851,Children of Paradise,1945,Drama|Romance,81,4.172839506172839
2921,2852,High Plains Drifter,1972,Western,258,3.9186046511627906
2922,2853,Hang 'em High,1967,Western,201,3.7512437810945274
2923,2854,Citizen's Band,1977,Comedy,15,3.3333333333333335
2924,2855,Drunken Master,1979,Action|Comedy,106,3.9245283018867925
2925,2856,The Conformist,1970,Drama,48,4.166666666666667
2926,2857,Hairspray,1988,Comedy|Drama,357,3.369747899159664
2927,2858,Brief Encounter,1946,Drama|Romance,76,4.065789473684211
2928,2859,The Razor's Edge,1984,Drama,63,3.2698412698412698
2929,2860,Reds,1981,Drama,171,3.47953216374269
2930,2861,Return with Honor,1998,Documentary,5,4.4
2931,2862,Time of the Gypsies,1989,Drama,8,4.25
2932,2863,Days of Heaven,1978,Drama,95,3.9789473684210526
2933,2864,The Fire Within,1963,Drama,7,3.142857142857143
2934,2865,A Love Bewitched,1986,Musical,4,2.75
2935,2866,The Lady Eve,1941,Comedy|Romance,119,4.176470588235294
2936,2867,Sullivan's Travels,1942,Comedy,138,4.115942028985507
2937,2868,The Palm Beach Story,1942,Comedy,79,4.30379746835443
2938,2869,Man Facing Southeast,1986,Drama,29,3.7241379310344827
2939,2870,Niagara,1953,Drama|Thriller,45,3.466666666666667
2940,2871,Gilda,1946,Film-Noir,94,4.053191489361702
2941,2872,South Pacific,1958,Musical|Romance|War,219,3.671232876712329
2942,2873,Flashdance,1983,Drama|Romance,297,3.1144781144781146
2943,2874,Indochine,1992,Drama|Romance,132,3.8106060606060606
2944,2875,The Dirty Dozen,1967,Action|War,572,4.015734265734266
2945,2876,Mike's Murder,1984,Mystery,22,2.6363636363636362
2946,2877,Help!,1965,Comedy|Musical,227,3.7665198237885464
2947,2878,Goldfinger,1964,Action,697,3.9784791965566715
2948,2879,From Russia with Love,1963,Action,611,3.900163666121113
2949,2880,Dr. No,1962,Action,521,3.8790786948176583
2950,2881,The Blue Lagoon,1980,Adventure|Drama|Romance,273,2.304029304029304
2951,2882,A Fistful of Dollars,1964,Action|Western,409,3.965770171149144
2952,2883,Hard 8,1996,Crime|Thriller,142,3.7183098591549295
2953,2884,Home Alone 2: Lost in New York,1992,Children's|Comedy,277,2.404332129963899
2954,2885,Penitentiary,1979,Drama,0,
2955,2886,Penitentiary II,1982,Drama,3,2.3333333333333335
2956,2887,Someone to Watch Over Me,1987,Action|Crime|Thriller,109,3.165137614678899
2957,2888,Sparrows,1926,Drama,0,
2958,2889,Naturally Native,1998,Drama,0,
2959,2890,Fight Club,1999,Drama,1166,4.072898799313894
2960,2891,Beefcake,1999,Drama,2,3.5
2961,2892,The Story of Us,1999,Comedy|Drama,226,2.7876106194690267
2962,2893,Fever Pitch,1997,Comedy|Romance,8,3.125
2963,2894,Joe the King,1999,Crime|Drama,15,3.6666666666666665
2964,2895,Julien Donkey-Boy,1999,Drama,10,3.3
2965,2896,The Omega Code,1999,Action,58,2.103448275862069
2966,2897,The Straight Story,1999,Drama,344,4.055232558139535
2967,2898,The Bad Seed,1956,Drama|Thriller,99,3.686868686868687
2968,2899,Time Bandits,1981,Adventure|Fantasy|Sci-Fi,805,3.696894409937888
2969,2900,A Man and a Woman,1966,Drama|Romance,75,3.8933333333333335
2970,2901,Fitzcarraldo,1982,Adventure|Drama,78,3.8461538461538463
2971,2902,All That Jazz,1979,Musical,258,3.8333333333333335
2972,2903,Red Sorghum,1987,Drama|War,54,3.962962962962963
2973,2904,Crimes and Misdemeanors,1989,Comedy,370,4.04054054054054
2974,2905,Bats,1999,Horror|Thriller,54,1.8148148148148149
2975,2906,The Best Man,1999,Drama,92,3.010869565217391
2976,2907,Bringing Out the Dead,1999,Drama|Horror,451,3.070953436807095
2977,2908,Crazy in Alabama,1999,Comedy|Drama,39,2.8205128205128207
2978,2909,Three to Tango,1999,Comedy|Romance,83,2.8433734939759034
2979,2910,Body Shots,1999,Drama,31,2.193548387096774
2980,2911,Men Cry Bullets,1997,Drama,0,
2981,2912,"Brother, Can You Spare a Dime?",1975,Documentary,14,3.7857142857142856
2982,2913,The Guardian,1990,Horror|Thriller,28,2.0357142857142856
2983,2914,The Ipcress File,1965,Thriller,67,4.059701492537314
2984,2915,On Any Sunday,1971,Documentary,5,3.4
2985,2916,Robocop,1987,Action|Crime|Sci-Fi,986,3.4482758620689653
2986,2917,Robocop 2,1990,Action|Crime|Sci-Fi,383,2.381201044386423
2987,2918,Who Framed Roger Rabbit?,1988,Adventure|Animation|Film-Noir,1417,3.6788990825688073
2988,2919,Melvin and Howard,1980,Drama,87,3.6091954022988504
2989,2920,For Your Eyes Only,1981,Action,331,3.4924471299093653
2990,2921,Licence to Kill,1989,Action,309,3.177993527508091
2991,2922,Live and Let Die,1973,Action,343,3.626822157434402
2992,2923,Rawhead Rex,1986,Horror|Thriller,27,2.5555555555555554
2993,2924,Thunderball,1965,Action,329,3.708206686930091
2994,2925,The City,1998,Drama,8,3.25
2995,2926,The House on Haunted Hill,1999,Horror,281,2.2704626334519573
2996,2927,Music of the Heart,1999,Drama,107,3.5233644859813085
2997,2928,Being John Malkovich,1999,Comedy,1796,4.118040089086859
2998,2929,Dreaming of Joseph Lees,1998,Romance,12,3.4166666666666665
2999,2930,Man of the Century,1999,Comedy,3,4.0
3000,2931,The Princess Mononoke,1997,Action|Adventure|Animation,268,4.138059701492537
3001,2932,The Suburbans,1999,Drama,4,1.75
3002,2933,My Best Fiend,1999,Documentary,29,3.9310344827586206
3003,2934,Train of Life,1998,Comedy|Drama,8,3.25
3004,2935,The Bachelor,1999,Comedy|Romance,209,2.4545454545454546
3005,2936,The Bone Collector,1999,Thriller,518,3.382239382239382
3006,2937,The Insider,1999,Drama,699,4.042918454935623
3007,2938,American Movie,1999,Documentary,239,3.9497907949790796
3008,2939,Last Night,1998,Thriller,42,3.7142857142857144
3009,2940,Portraits Chinois,1996,Drama,0,
3010,2941,Rosetta,1999,Drama,31,3.5806451612903225
3011,2942,"They Shoot Horses, Don't They?",1969,Drama,118,3.635593220338983
3012,2943,Battling Butler,1926,Comedy,8,3.0
3013,2944,Bride of Re-Animator,1990,Comedy|Horror,45,2.9555555555555557
3014,2945,Bustin' Loose,1981,Comedy,39,2.923076923076923
3015,2946,Coma,1978,Thriller,100,3.37
3016,2947,Creepshow,1982,Horror,364,3.17032967032967
3017,2948,Creepshow 2,1987,Horror,86,2.4651162790697674
3018,2949,Re-Animator,1985,Horror,195,3.466666666666667
3019,2950,Drugstore Cowboy,1989,Crime|Drama,337,3.9762611275964392
3020,2951,Falling Down,1993,Action|Drama,417,3.434052757793765
3021,2952,The Funhouse,1981,Horror,26,2.8461538461538463
3022,2953,The General,1927,Comedy,168,4.321428571428571
3023,2954,My Best Girl,1927,Comedy|Romance,0,
3024,2955,Piranha,1978,Horror|Sci-Fi,132,2.409090909090909
3025,2956,Rough Night in Jericho,1967,Western,10,3.3
3026,2957,Slaughterhouse,1987,Horror,8,1.5
3027,2958,Slaughterhouse 2,1988,Horror,7,1.1428571428571428
3028,2959,The Taming of the Shrew,1967,Comedy,109,3.779816513761468
3029,2960,Nighthawks,1981,Action|Drama,156,3.2756410256410255
3030,2961,Yojimbo,1961,Comedy|Drama|Western,182,4.450549450549451
3031,2962,Repossessed,1990,Comedy,43,2.0697674418604652
3032,2963,The Omega Man,1971,Sci-Fi,186,3.5376344086021505
3033,2964,Spaceballs,1987,Comedy|Sci-Fi,734,3.2861035422343323
3034,2965,Robin Hood,1973,Animation|Children's,268,3.753731343283582
3035,2966,Mister Roberts,1955,Comedy|Drama|War,332,4.186746987951807
3036,2967,Quest for Fire,1981,Adventure,132,3.1893939393939394
3037,2968,Little Big Man,1970,Comedy|Drama|Western,482,4.04149377593361
3038,2969,A Face in the Crowd,1957,Drama,64,4.203125
3039,2970,Trading Places,1983,Comedy,681,3.8237885462555066
3040,2971,Meatballs,1979,Comedy,245,3.306122448979592
3041,2972,Meatballs Part II,1984,Comedy,60,1.6
3042,2973,Meatballs III,1987,Comedy,51,1.607843137254902
3043,2974,Meatballs 4,1992,Comedy,34,1.7647058823529411
3044,2975,Dead Again,1991,Mystery|Romance|Thriller,473,3.8625792811839323
3045,2976,Peter's Friends,1992,Comedy|Drama,91,3.1758241758241756
3046,2977,The Incredibly True Adventure of Two Girls in Love,1995,Comedy|Romance,67,3.4029850746268657
3047,2978,Experience Preferred... But Not Essential,1982,Drama,14,3.7142857142857144
3048,2979,Under the Rainbow,1981,Comedy,62,2.3548387096774195
3049,2980,How I Won the War,1967,Comedy|War,25,3.28
3050,2981,Light It Up,1999,Drama,11,3.4545454545454546
3051,2982,Anywhere But Here,1999,Drama,128,2.96875
3052,2983,Dogma,1999,Comedy,808,3.7202970297029703
3053,2984,The Messenger: The Story of Joan of Arc,1999,Drama|War,273,2.9853479853479854
3054,2985,Pokémon: The First Movie,1998,Animation|Children's,112,1.9821428571428572
3055,2986,Felicia's Journey,1999,Thriller,72,3.375
3056,2987,Oxygen,1999,Thriller,6,3.6666666666666665
3057,2988,Where's Marlowe?,1999,Comedy,1,4.0
3058,2989,The Ape,1940,Horror|Sci-Fi,10,2.2
3059,2990,British Intelligence,1940,Drama,0,
3060,2991,The Commitments,1991,Comedy|Drama,440,3.815909090909091
3061,2992,Holiday Inn,1942,Comedy|Musical,219,3.8995433789954337
3062,2993,The Longest Day,1962,Action|Drama|War,282,3.971631205673759
3063,2994,Poison Ivy,1992,Thriller,110,2.672727272727273
3064,2995,Poison Ivy: New Seduction,1997,Thriller,46,2.4347826086956523
3065,2996,Ten Benny,1997,Drama,1,4.0
3066,2997,Tora! Tora! Tora!,1970,War,157,3.643312101910828
3067,2998,Women on the Verge of a Nervous Breakdown,1988,Comedy|Drama,301,3.877076411960133
3068,2999,The Verdict,1982,Drama,307,3.8599348534201954
3069,3000,The Effect of Gamma Rays on Man-in-the-Moon Marigolds,1972,Drama,45,3.8444444444444446
3070,3001,The Adventures of Buckaroo Bonzai Across the 8th Dimension,1984,Adventure|Comedy|Sci-Fi,498,3.389558232931727
3071,3002,Stand and Deliver,1987,Drama,262,3.786259541984733
3072,3003,Moonstruck,1987,Comedy,792,3.773989898989899
3073,3004,The Sandpiper,1965,Drama|Romance,30,3.3333333333333335
3074,3005,Jeremiah Johnson,1972,Western,171,3.760233918128655
3075,3006,Repulsion,1965,Thriller,56,3.9107142857142856
3076,3007,Irma la Douce,1963,Comedy,73,3.7260273972602738
3077,3008,42 Up,1998,Documentary,74,4.22972972972973
3078,3009,Liberty Heights,1999,Drama,120,3.6333333333333333
3079,3010,Mansfield Park,1999,Drama,117,3.8119658119658117
3080,3011,"Goodbye, 20th Century",1998,Drama|Sci-Fi,0,
3081,3012,Sleepy Hollow,1999,Horror|Romance,845,3.527810650887574
3082,3013,The World Is Not Enough,1999,Action|Thriller,679,3.394698085419735
3083,3014,All About My Mother,1999,Comedy|Drama,309,4.074433656957929
3084,3015,Home Page,1999,Documentary,2,3.5
3085,3016,The Living Dead Girl,1982,Horror,1,4.0
3086,3017,March of the Wooden Soldiers,1934,Comedy,63,3.634920634920635
3087,3018,Scrooged,1988,Comedy,418,3.4808612440191387
3088,3019,Harvey,1950,Comedy,272,4.113970588235294
3089,3020,The Bicycle Thief,1948,Drama,202,4.366336633663367
3090,3021,Matewan,1987,Drama,137,4.094890510948905
3091,3022,Kagemusha,1980,Drama|War,112,4.258928571428571
3092,3023,Chushingura,1962,Drama,14,3.9285714285714284
3093,3024,McCabe & Mrs. Miller,1971,Drama|Western,171,3.7076023391812867
3094,3025,Maurice,1987,Drama|Romance,74,3.824324324324324
3095,3026,The Grapes of Wrath,1940,Drama,421,4.135391923990499
3096,3027,My Man Godfrey,1957,Comedy,75,4.013333333333334
3097,3028,The Shop Around the Corner,1940,Comedy|Romance,160,4.04375
3098,3029,The Natural,1984,Drama,434,3.794930875576037
3099,3030,Shampoo,1975,Comedy|Romance,214,3.2009345794392523
3100,3031,A River Runs Through It,1992,Drama,518,3.718146718146718
3101,3032,Fatal Attraction,1987,Thriller,629,3.696343402225755
3102,3033,Jagged Edge,1985,Thriller,194,3.6649484536082473
3103,3034,Stanley & Iris,1990,Drama|Romance,60,3.1333333333333333
3104,3035,Midnight Run,1988,Action|Adventure|Comedy|Crime,612,3.8529411764705883
3105,3036,Awakenings,1990,Drama,545,3.761467889908257
3106,3037,Come See the Paradise,1990,Drama|Romance,20,3.25
3107,3038,Backdraft,1991,Action|Drama,703,3.4551920341394027
3108,3039,The Fisher King,1991,Comedy|Drama|Romance,743,3.6002691790040378
3109,3040,The River,1984,Drama,53,3.207547169811321
3110,3041,Country,1984,Drama,23,3.217391304347826
3111,3042,Places in the Heart,1984,Drama,177,3.672316384180791
3112,3043,'Night Mother,1986,Drama,59,3.3559322033898304
3113,3044,End of Days,1999,Action|Thriller,470,2.627659574468085
3114,3045,Toy Story 2,1999,Animation|Children's|Comedy,1269,4.212765957446808
3115,3046,Flawless,1999,Drama,96,3.1458333333333335
3116,3047,Miss Julie,1999,Drama,9,2.7777777777777777
3117,3048,Ride with the Devil,1999,Drama|Romance|War,58,3.2586206896551726
3118,3049,Tumbleweeds,1999,Drama,55,3.5636363636363635
3119,3050,Bay of Blood,1971,Horror,2,2.0
3120,3051,The Distinguished Gentleman,1992,Comedy,109,3.018348623853211
3121,3052,The Hitch-Hiker,1953,Film-Noir,12,3.3333333333333335
3122,3053,Santa Fe Trail,1940,Drama|Romance|Western,24,3.4583333333333335
3123,3054,Spring Fever USA,1989,Comedy,3,1.0
3124,3055,Agnes Browne,1999,Comedy|Drama,23,3.3043478260869565
3125,3056,The End of the Affair,1999,Drama,160,3.46875
3126,3057,The End of the Affair,1955,Drama,3,4.0
3127,3058,Holy Smoke,1999,Drama,41,3.1463414634146343
3128,3059,A Map of the World,1999,Drama,39,3.3846153846153846
3129,3060,Sweet and Lowdown,1999,Comedy|Drama,232,3.6810344827586206
3130,3061,Bonfire of the Vanities,1990,Comedy,94,2.393617021276596
3131,3062,Broadway Damage,1997,Comedy,2,3.5
3132,3063,Daddy Long Legs,1919,Comedy,33,3.6363636363636362
3133,3064,Go West,1925,Comedy,32,3.65625
3134,3065,Grand Illusion,1937,Drama|War,133,4.345864661654136
3135,3066,The Great Santini,1979,Drama,157,3.9235668789808917
3136,3067,The James Dean Story,1957,Documentary,3,3.0
3137,3068,The Sea Wolves,1980,Action|War,14,4.0
3138,3069,Stealing Home,1988,Drama,52,3.25
3139,3070,Tarzan the Fearless,1933,Action|Adventure,10,3.3
3140,3071,The Three Ages,1923,Comedy,7,3.857142857142857
3141,3072,The Two Jakes,1990,Drama,52,3.019230769230769
3142,3073,U2: Rattle and Hum,1988,Documentary|Musical,94,3.4361702127659575
3143,3074,Hell in the Pacific,1968,Drama|War,21,4.095238095238095
3144,3075,The Glass Bottom Boat,1966,Comedy|Romance,40,3.35
3145,3076,The Cradle Will Rock,1999,Drama,194,3.3195876288659796
3146,3077,Deuce Bigalow: Male Gigolo,1999,Comedy,244,2.7663934426229506
3147,3078,The Green Mile,1999,Drama|Thriller,996,4.1546184738955825
3148,3079,The Cider House Rules,1999,Drama,565,3.950442477876106
3149,3080,Diamonds,1999,Mystery,7,2.0
3150,3081,The War Zone,1999,Drama,49,3.6530612244897958
3151,3082,The Bat Whispers,1930,Crime|Drama|Mystery,0,
3152,3083,The Last Picture Show,1971,Drama,279,3.978494623655914
3153,3084,The 7th Voyage of Sinbad,1958,Action|Adventure|Fantasy,213,3.647887323943662
3154,3085,Blood on the Sun,1945,Drama|War,4,3.25
3155,3086,Anna and the King,1999,Drama|Romance,265,3.418867924528302
3156,3087,Bicentennial Man,1999,Comedy|Drama|Sci-Fi,300,2.8866666666666667
3157,3088,Stuart Little,1999,Children's|Comedy,415,3.1783132530120484
3158,3089,The Emperor and the Assassin,1999,Drama,35,3.742857142857143
3159,3090,Fantasia 2000,1999,Animation|Children's|Musical,370,3.82972972972973
3160,3091,Magnolia,1999,Drama,905,3.875138121546961
3161,3092,Onegin,1999,Drama,18,3.4444444444444446
3162,3093,Simpatico,1999,Comedy|Drama,20,2.4
3163,3094,Topsy-Turvy,1999,Drama,254,3.6692913385826773
3164,3095,The Alley Cats,1968,Drama,0,
3165,3096,Boiling Point,1993,Action|Drama,50,2.66
3166,3097,Brenda Starr,1989,Adventure,6,1.1666666666666667
3167,3098,Carnal Knowledge,1971,Drama,126,3.6984126984126986
3168,3099,Easy Rider,1969,Adventure|Drama,392,3.7551020408163267
3169,3100,The Falcon and the Snowman,1984,Drama,208,3.5096153846153846
3170,3101,Hi-Yo Silver,1940,Western,0,
3171,3102,Room at the Top,1959,Drama,21,3.857142857142857
3172,3103,Ulysses,1954,Adventure,1,5.0
3173,3104,Any Given Sunday,1999,Drama,378,3.1005291005291005
3174,3105,Man on the Moon,1999,Comedy|Drama,716,3.494413407821229
3175,3106,Galaxy Quest,1999,Adventure|Comedy|Sci-Fi,1375,3.7818181818181817
3176,3107,The Talented Mr. Ripley,1999,Drama|Mystery|Thriller,1087,3.5041398344066237
3177,3108,Next Friday,1999,Comedy,138,2.5942028985507246
3178,3109,The Hurricane,1999,Drama,415,3.855421686746988
3179,3110,Angela's Ashes,1999,Drama,177,3.4745762711864407
3180,3111,Play it to the Bone,1999,Comedy|Drama,58,2.1551724137931036
3181,3112,Titus,1999,Drama,133,3.661654135338346
3182,3113,Mr. Death: The Rise and Fall of Fred A. Leuchter Jr.,1999,Documentary,95,3.9473684210526314
3183,3114,The Third Miracle,1999,Drama,37,3.5945945945945947
3184,3115,Montana,1998,Action|Comedy|Crime|Drama,5,3.0
3185,3116,Snow Falling on Cedars,1999,Drama,302,3.3609271523178808
3186,3117,"Girl, Interrupted",1999,Drama,356,3.4691011235955056
3187,3118,Trans,1998,Drama,2,3.0
3188,3119,The Life and Times of Hank Greenberg,1998,Documentary,43,3.604651162790698
3189,3120,My Dog Skip,1999,Comedy,244,3.6147540983606556
3190,3121,Supernova,2000,Adventure|Sci-Fi,127,2.1653543307086616
3191,3122,The Quarry,1998,Drama,0,
3192,3123,The Terrorist,1998,Drama,17,4.0
3193,3124,Creature,1999,Documentary,0,
3194,3125,The Way We Were,1973,Drama,184,3.3260869565217392
3195,3126,Tess of the Storm Country,1922,Drama,0,
3196,3127,Stalag 17,1953,Drama|War,321,4.242990654205608
3197,3128,The Presidio,1988,Action,210,3.323809523809524
3198,3129,Papillon,1973,Drama,254,4.066929133858268
3199,3130,Pal Joey,1957,Comedy|Musical|Romance,59,3.3728813559322033
3200,3131,The Last Detail,1973,Comedy|Drama,134,3.7611940298507465
3201,3132,Five Easy Pieces,1970,Drama,290,3.9
3202,3133,Even Dwarfs Started Small,1971,Drama,1,1.0
3203,3134,Dead Calm,1989,Thriller,408,3.6323529411764706
3204,3135,The Boys from Brazil,1978,Thriller,162,3.734567901234568
3205,3136,Black Sunday,1960,Horror,4,2.25
3206,3137,Against All Odds,1984,Romance,102,3.1372549019607843
3207,3138,The Snows of Kilimanjaro,1952,Adventure,4,3.25
3208,3139,Loaded Weapon 1,1993,Action|Comedy,215,2.7488372093023257
3209,3140,The Loves of Carmen,1948,Drama,1,1.0
3210,3141,Fast Times at Ridgemont High,1982,Comedy,687,3.8311499272197964
3211,3142,A Cry in the Dark,1988,Drama,52,3.4038461538461537
3212,3143,Born to Win,1971,Drama,2,2.5
3213,3144,Batman: Mask of the Phantasm,1993,Animation|Children's,186,3.5591397849462365
3214,3145,American Flyers,1985,Drama,76,3.3552631578947367
3215,3146,Voyage of the Damned,1976,Drama,8,2.875
3216,3147,Vampyros Lesbos,1970,Horror,3,3.3333333333333335
3217,3148,A Star Is Born,1937,Drama,65,3.4
3218,3149,Poison,1991,Drama,28,3.1785714285714284
3219,3150,Pacific Heights,1990,Thriller,351,3.247863247863248
3220,3151,Night Tide,1961,Drama,1,2.0
3221,3152,The Draughtsman's Contract,1982,Drama,27,3.3703703703703702
3222,3153,Carmen,1984,Drama,22,4.2272727272727275
3223,3154,A Zed & Two Noughts,1985,Drama,24,3.4166666666666665
3224,3155,Woman in the Dunes,1964,Drama,61,4.245901639344262
3225,3156,Down to You,2000,Comedy|Romance,98,2.63265306122449
3226,3157,Hellhounds on My Trail,1999,Documentary,0,
3227,3158,"Not Love, Just Frenzy",1996,Comedy|Drama|Thriller,0,
3228,3159,Wirey Spindell,1999,Comedy,2,1.0
3229,3160,Another Man's Poison,1952,Crime|Drama,1,4.0
3230,3161,The Odessa File,1974,Thriller,70,3.6857142857142855
3231,3162,The Saphead,1920,Comedy,0,
3232,3163,Seven Chances,1925,Comedy,3,3.3333333333333335
3233,3164,Smashing Time,1967,Comedy,1,5.0
3234,3165,Train Ride to Hollywood,1978,Comedy,0,
3235,3166,Where the Buffalo Roam,1980,Comedy,60,2.95
3236,3167,Zachariah,1971,Western,2,3.5
3237,3168,Kestrel's Eye,1998,Documentary,1,1.0
3238,3169,Eye of the Beholder,1999,Thriller,209,2.1052631578947367
3239,3170,Isn't She Great?,2000,Comedy,29,2.310344827586207
3240,3171,The Big Tease,1999,Comedy,29,3.1379310344827585
3241,3172,The Cup,1999,Comedy,47,3.6382978723404253
3242,3173,Santitos,1997,Comedy,3,3.6666666666666665
3243,3174,Encino Man,1992,Comedy,236,2.5466101694915255
3244,3175,The Goodbye Girl,1977,Comedy|Romance,261,3.6666666666666665
3245,3176,I Am Cuba,1964,Drama,3,5.0
3246,3177,Malcolm X,1992,Drama,366,3.8961748633879782
3247,3178,Sister Act,1992,Comedy|Crime,513,3.1578947368421053
3248,3179,Sister Act 2: Back in the Habit,1993,Comedy,170,2.5294117647058822
3249,3180,The Hand That Rocks the Cradle,1992,Thriller,280,3.1142857142857143
3250,3181,Alive,1993,Drama,288,3.375
3251,3182,Agnes of God,1985,Drama|Mystery,231,3.41991341991342
3252,3183,Scent of a Woman,1992,Drama,449,3.6881959910913142
3253,3184,Wayne's World,1992,Comedy,888,3.609234234234234
3254,3185,Wayne's World 2,1993,Comedy,352,2.866477272727273
3255,3186,A League of Their Own,1992,Comedy|Drama,894,3.6812080536912752
3256,3187,Patriot Games,1992,Action|Thriller,838,3.7649164677804294
3257,3188,The Bodyguard,1992,Action|Drama|Romance|Thriller,496,2.875
3258,3189,Death Becomes Her,1992,Comedy,272,2.7536764705882355
3259,3190,Far and Away,1992,Drama|Romance,328,3.375
3260,3191,Howards End,1992,Drama,373,3.710455764075067
3261,3192,Singles,1992,Comedy|Drama|Romance,336,3.4375
3262,3193,Twin Peaks: Fire Walk with Me,1992,Drama|Mystery,133,2.8947368421052633
3263,3194,White Men Can't Jump,1992,Comedy,522,3.1839080459770117
3264,3195,Buffy the Vampire Slayer,1992,Comedy|Horror,392,3.0714285714285716
3265,3196,Hard-Boiled,1992,Action|Crime,260,4.161538461538462
3266,3197,Man Bites Dog,1992,Action|Comedy|Crime|Drama,128,3.6640625
3267,3198,"Mariachi, El",1992,Action|Thriller,390,3.7
3268,3199,Stop! Or My Mom Will Shoot,1992,Action|Comedy,147,1.8095238095238095
3269,3200,Forever Young,1992,Adventure|Romance|Sci-Fi,389,3.2159383033419022
3270,3201,The Cutting Edge,1992,Drama,167,3.3532934131736525
3271,3202,Of Mice and Men,1992,Drama,260,3.853846153846154
3272,3203,Bad Lieutenant,1992,Crime|Drama,138,3.246376811594203
3273,3204,Scream 3,2000,Horror|Mystery|Thriller,459,2.7538126361655775
3274,3205,Single White Female,1992,Action,362,3.096685082872928
3275,3206,The Boondock Saints,1999,Action|Comedy,74,3.5945945945945947
3276,3207,Gun Shy,2000,Comedy,39,2.6153846153846154
3277,3208,Beloved/Friend,1999,Drama,1,4.0
3278,3209,Gendernauts,1999,Documentary,0,
3279,3210,Knockout,1999,Action|Adventure,0,
3280,3211,The Baby,1973,Horror,1,5.0
3281,3212,The Brandon Teena Story,1998,Documentary,35,4.0285714285714285
3282,3213,Different for Girls,1996,Comedy,8,3.625
3283,3214,Minnie and Moskowitz,1971,Action,10,3.5
3284,3215,They Might Be Giants,1971,Comedy|Romance,34,3.5588235294117645
3285,3216,The Beach,2000,Adventure|Drama,344,2.6656976744186047
3286,3217,Snow Day,2000,Comedy,93,2.247311827956989
3287,3218,The Tigger Movie,2000,Animation|Children's,109,2.706422018348624
3288,3219,Cotton Mary,1999,Drama,3,2.6666666666666665
3289,3220,Not One Less,1999,Drama,44,3.727272727272727
3290,3221,Soft Toilet Seats,1999,Comedy,1,3.0
3291,3222,Trois,2000,Thriller,1,2.0
3292,3223,The Big Combo,1955,Film-Noir,6,3.8333333333333335
3293,3224,Conceiving Ada,1997,Drama|Sci-Fi,5,3.4
3294,3225,Eaten Alive,1976,Horror,2,2.5
3295,3226,Raining Stones,1993,Drama,2,3.5
3296,3227,To Sir with Love,1967,Drama,162,3.8580246913580245
3297,3228,With Byrd at the South Pole,1930,Documentary,1,2.0
3298,3229,Boiler Room,2000,Drama,468,3.4764957264957266
3299,3230,Hanging Up,2000,Comedy|Drama,142,2.3309859154929575
3300,3231,Pitch Black,2000,Action|Sci-Fi,414,3.3115942028985508
3301,3232,The Whole Nine Yards,2000,Comedy|Crime,494,3.3906882591093117
3302,3233,Beautiful People,1999,Comedy,40,3.225
3303,3234,Black Tar Heroin: The Dark End of the Street,1999,Documentary,4,3.25
3304,3235,Blue Collar,1978,Crime|Drama,41,3.6097560975609757
3305,3236,Bluebeard,1944,Film-Noir|Horror,2,4.0
3306,3237,The Circus,1928,Comedy,18,3.8333333333333335
3307,3238,City Lights,1931,Comedy|Drama|Romance,216,4.402777777777778
3308,3239,The Flamingo Kid,1984,Comedy|Drama,241,3.1867219917012446
3309,3240,A Dog's Life,1920,Comedy,20,3.6
3310,3241,The Kid,1921,Action,49,3.816326530612245
3311,3242,The Man from Laramie,1955,Western,25,4.04
3312,3243,The McCullochs,1975,Drama,1,1.0
3313,3244,Class Reunion,1982,Comedy,16,2.25
3314,3245,The Big Trees,1952,Action|Drama,4,3.25
3315,3246,Happy Go Lovely,1951,Musical,0,
3316,3247,Reindeer Games,2000,Action|Thriller,238,2.810924369747899
3317,3248,Wonder Boys,2000,Comedy|Drama,398,3.9321608040201004
3318,3249,Deterrence,1998,Thriller,40,3.45
3319,3250,Judy Berlin,1999,Drama,21,3.238095238095238
3320,3251,Mifune,1999,Comedy|Romance,33,3.3636363636363638
3321,3252,The Waiting Game,2000,Comedy,0,
3322,3253,3 Strikes,2000,Comedy,4,2.75
3323,3254,Chain of Fools,2000,Comedy|Crime,1,3.0
3324,3255,Drowning Mona,2000,Comedy,144,2.7777777777777777
3325,3256,The Next Best Thing,2000,Comedy|Drama,135,2.3185185185185184
3326,3257,What Planet Are You From?,2000,Comedy|Sci-Fi,134,2.8134328358208953
3327,3258,Beyond the Mat,2000,Documentary,103,3.4854368932038833
3328,3259,Ghost Dog: The Way of the Samurai,1999,Crime|Drama,235,3.8382978723404255
3329,3260,The Year My Voice Broke,1987,Drama,21,3.8095238095238093
3330,3261,Splendor in the Grass,1961,Drama,80,3.7875
3331,3262,My Tutor,1983,Drama,30,2.4
3332,3263,The Legend of Lobo,1962,Adventure|Children's,0,
3333,3264,The Killing of Sister George,1968,Drama,13,3.6153846153846154
3334,3265,Key Largo,1948,Crime|Drama|Film-Noir|Thriller,380,4.0552631578947365
3335,3266,Jail Bait,1954,Crime|Drama,9,2.2222222222222223
3336,3267,It Happened Here,1961,Drama,2,3.0
3337,3268,I'll Never Forget What's 'is Name,1967,Comedy|Drama,0,
3338,3269,For All Mankind,1989,Documentary,19,4.421052631578948
3339,3270,Cross of Iron,1977,War,35,3.8
3340,3271,Bride of the Monster,1956,Horror|Sci-Fi,53,2.849056603773585
3341,3272,Born Yesterday,1950,Comedy,143,4.041958041958042
3342,3273,Birdy,1984,Drama|War,173,3.832369942196532
3343,3274,And God Created Woman,1988,Comedy|Drama|Romance,29,2.4482758620689653
3344,3275,Blood Feast,1963,Horror,18,2.5555555555555554
3345,3276,"Charlie, the Lonesome Cougar",1967,Adventure|Children's,21,3.0952380952380953
3346,3277,Color Me Blood Red,1965,Horror,3,3.3333333333333335
3347,3278,Never Cry Wolf,1983,Drama,170,3.9823529411764707
3348,3279,The Night Visitor,1970,Crime|Thriller,0,
3349,3280,The Perils of Pauline,1947,Comedy,22,3.4545454545454546
3350,3281,A Raisin in the Sun,1961,Drama,112,4.026785714285714
3351,3282,Two Thousand Maniacs!,1964,Horror,11,3.090909090909091
3352,3283,Brown's Requiem,1998,Drama,2,2.5
3353,3284,The Closer You Get,2000,Comedy|Romance,2,4.0
3354,3285,Mission to Mars,2000,Sci-Fi,634,2.643533123028391
3355,3286,The Ninth Gate,2000,Thriller,230,2.865217391304348
3356,3287,Condo Painting,2000,Documentary,0,
3357,3288,East-West,1999,Drama|Romance,82,3.7439024390243905
3358,3289,Defending Your Life,1991,Comedy|Romance,350,3.72
3359,3290,Breaking Away,1979,Drama,409,4.068459657701712
3360,3291,Hoosiers,1986,Drama,480,3.925
3361,3292,Bull Durham,1988,Comedy,862,3.8294663573085845
3362,3293,Dog Day Afternoon,1975,Comedy|Crime|Drama,627,3.988835725677831
3363,3294,American Graffiti,1973,Comedy|Drama,806,4.0173697270471465
3364,3295,The Asphalt Jungle,1950,Crime|Film-Noir,122,3.877049180327869
3365,3296,The Searchers,1956,Western,188,4.069148936170213
3366,3297,Where Eagles Dare,1969,Action|Adventure|War,196,3.826530612244898
3367,3298,The Devil's Brigade,1968,War,32,3.375
3368,3299,The Big Country,1958,Romance|Western,49,3.63265306122449
3369,3300,Any Number Can Win,1963,Crime,0,
3370,3301,Betrayed,1988,Drama|Thriller,62,3.2903225806451615
3371,3302,Bound for Glory,1976,Drama,42,3.7142857142857144
3372,3303,The Bridge at Remagen,1969,Action|War,46,3.5
3373,3304,Buck and the Preacher,1972,Western,3,2.6666666666666665
3374,3305,Daughters of the Dust,1992,Drama,14,2.642857142857143
3375,3306,Destination Moon,1950,Sci-Fi,51,3.3137254901960786
3376,3307,The Fantastic Night,1949,Romance,1,1.0
3377,3308,Hangmen Also Die,1943,Drama|War,1,4.0
3378,3309,The Ogre,1996,Drama,3,3.0
3379,3310,On the Beach,1959,Drama,79,3.9746835443037973
3380,3311,Railroaded!,1947,Film-Noir,2,2.5
3381,3312,Slaves to the Underground,1997,Comedy|Drama,1,3.0
3382,3313,Song of Freedom,1936,Drama,0,
3383,3314,Big Fella,1937,Drama|Musical,0,
3384,3315,The Taking of Pelham One Two Three,1974,Action,232,3.8017241379310347
3385,3316,Volunteers,1985,Comedy,111,2.5135135135135136
3386,3317,JFK,1991,Drama|Mystery,583,3.807890222984563
3387,3318,Who's Harry Crumb?,1989,Comedy,134,2.708955223880597
3388,3319,Harry and the Hendersons,1987,Comedy,240,2.7333333333333334
3389,3320,Let's Get Harry,1986,Action|Adventure,31,2.6451612903225805
3390,3321,Shanghai Surprise,1986,Adventure,27,1.6666666666666667
3391,3322,Who's That Girl?,1987,Comedy,69,2.260869565217391
3392,3323,She-Devil,1989,Comedy,130,1.976923076923077
3393,3324,Date with an Angel,1987,Comedy|Fantasy,42,2.0952380952380953
3394,3325,Blind Date,1987,Comedy|Romance,170,2.7
3395,3326,Nadine,1987,Comedy,44,2.840909090909091
3396,3327,The Muppet Movie,1979,Children's|Comedy,588,3.8554421768707483
3397,3328,The Great Muppet Caper,1981,Children's|Comedy,284,3.7288732394366195
3398,3329,The Muppets Take Manhattan,1984,Children's|Comedy,264,3.465909090909091
3399,3330,Sesame Street Presents Follow That Bird,1985,Children's|Comedy,73,3.1095890410958904
3400,3331,We're Back! A Dinosaur's Story,1993,Animation|Children's,24,2.5416666666666665
3401,3332,Baby... Secret of the Lost Legend,1985,Adventure|Sci-Fi,90,2.1222222222222222
3402,3333,Turtle Diary,1985,Drama,16,3.375
3403,3334,Raise the Titanic,1980,Drama|Thriller,26,2.730769230769231
3404,3335,Titanic,1953,Action|Drama,172,3.494186046511628
3405,3336,A Night to Remember,1958,Action|Drama,112,3.892857142857143
3406,3337,Captain Horatio Hornblower,1951,Action|Adventure|War,84,3.738095238095238
3407,3338,The Carriers Are Waiting,1999,Comedy|Drama,2,2.0
3408,3339,Erin Brockovich,2000,Drama,1061,3.8444863336475024
3409,3340,Final Destination,2000,Drama|Thriller,363,3.253443526170799
3410,3341,Soft Fruit,1999,Comedy|Drama,9,4.333333333333333
3411,3342,Babymother,1998,Drama,0,
3412,3343,The Bear,1988,Adventure,141,3.425531914893617
3413,3344,Impact,1949,Crime|Drama,2,3.5
3414,3345,Love Is a Many-Splendored Thing,1955,Romance,35,3.142857142857143
3415,3346,The Mirror,1975,Drama,19,3.789473684210526
3416,3347,The Trial,1963,Drama,41,4.024390243902439
3417,3348,The Crimson Pirate,1952,Adventure|Comedy|Sci-Fi,57,3.6666666666666665
3418,3349,Thelma & Louise,1991,Action|Drama,1138,3.6792618629173988
3419,3350,Something for Everyone,1970,Comedy|Crime,10,3.4
3420,3351,...And Justice for All,1979,Drama|Thriller,157,3.700636942675159
3421,3352,Animal House,1978,Comedy,962,4.0592515592515594
3422,3353,She's Gotta Have It,1986,Comedy|Romance,155,3.470967741935484
3423,3354,School Daze,1988,Drama,58,2.913793103448276
3424,3355,Do the Right Thing,1989,Comedy|Drama,642,3.864485981308411
3425,3356,Mo' Better Blues,1990,Drama,63,3.3333333333333335
3426,3357,Jungle Fever,1991,Drama|Romance,173,3.121387283236994
3427,3358,Coogan's Bluff,1968,Crime,63,3.3174603174603177
3428,3359,The Champ,1979,Drama,49,2.938775510204082
3429,3360,Creature Comforts,1990,Animation|Comedy,223,4.327354260089686
3430,3361,Death Wish,1974,Action|Drama,181,3.3480662983425415
3431,3362,Death Wish II,1982,Action|Drama,71,2.6901408450704225
3432,3363,Death Wish 3,1985,Action|Drama,62,2.2419354838709675
3433,3364,Death Wish 4: The Crackdown,1987,Action|Drama,43,2.13953488372093
3434,3365,Death Wish V: The Face of Death,1994,Action|Drama,29,2.3448275862068964
3435,3366,Double Indemnity,1944,Crime|Film-Noir,451,4.434589800443459
3436,3367,Dying Young,1991,Drama|Romance,99,2.797979797979798
3437,3368,Cool as Ice,1991,Drama,8,2.125
3438,3369,Teenage Mutant Ninja Turtles,1990,Action|Children's|Fantasy,436,2.6788990825688073
3439,3370,Teenage Mutant Ninja Turtles II: The Secret of the Ooze,1991,Action|Children's|Fantasy,209,2.0717703349282295
3440,3371,Teenage Mutant Ninja Turtles III,1993,Action|Children's|Fantasy,149,1.919463087248322
3441,3372,Red Dawn,1984,Action|War,391,3.2634271099744248
3442,3373,Band of the Hand,1986,Action,29,2.2413793103448274
3443,3374,Born American,1986,Action|Drama|Thriller,5,3.8
3444,3375,Bloodsport,1988,Action,172,3.25
3445,3376,Eyes of Laura Mars,1978,Mystery|Thriller,110,3.209090909090909
3446,3377,Funny Bones,1995,Comedy,33,3.4242424242424243
3447,3378,The Good Earth,1937,Drama,54,3.611111111111111
3448,3379,"Good Morning, Vietnam",1987,Comedy|Drama|War,856,3.7336448598130842
3449,3380,The Good Mother,1988,Drama,22,2.9545454545454546
3450,3381,Grumpy Old Men,1993,Comedy,658,3.419452887537994
3451,3382,Guess Who's Coming to Dinner,1967,Comedy|Drama,282,3.9468085106382977
3452,3383,Romeo Must Die,2000,Action|Romance,272,3.0661764705882355
3453,3384,Here on Earth,2000,Drama|Romance,71,2.408450704225352
3454,3385,Whatever It Takes,2000,Comedy|Romance,34,2.5
3455,3386,Buddy Boy,1999,Drama|Thriller,0,
3456,3387,The Color of Paradise,1999,Drama,50,4.1
3457,3388,Waking the Dead,1999,Drama,123,2.991869918699187
3458,3389,Blood and Sand,1989,Drama|Romance,1,3.0
3459,3390,Gothic,1986,Drama|Horror,49,2.816326530612245
3460,3391,Hillbillys in a Haunted House,1967,Comedy,0,
3461,3392,Lord of the Flies,1963,Adventure|Drama|Thriller,275,3.658181818181818
3462,3393,Modern Times,1936,Comedy,242,4.2272727272727275
3463,3394,Last Resort,1994,Comedy,10,1.8
3464,3395,Solar Crisis,1993,Sci-Fi|Thriller,14,2.4285714285714284
3465,3396,That's Life!,1986,Drama,17,2.823529411764706
3466,3397,Heart and Souls,1993,Comedy|Fantasy,166,3.536144578313253
3467,3398,Hud,1963,Drama|Western,224,4.03125
3468,3399,The Hustler,1961,Drama,354,4.231638418079096
3469,3400,Inherit the Wind,1960,Drama,218,4.261467889908257
3470,3401,Dersu Uzala,1974,Adventure|Drama,71,4.253521126760563
3471,3402,Close Encounters of the Third Kind,1977,Drama|Sci-Fi,1153,4.003469210754553
3472,3403,Horror Hotel,1960,Horror,3,1.6666666666666667
3473,3404,Jonah Who Will Be 25 in the Year 2000,1976,Comedy,21,3.380952380952381
3474,3405,Retroactive,1997,Sci-Fi|Thriller,12,3.0833333333333335
3475,3406,A Place in the Sun,1951,Drama|Romance,115,3.9391304347826086
3476,3407,Jacob's Ladder,1990,Horror|Mystery|Thriller,532,3.56390977443609
3477,3408,Empire Records,1995,Comedy|Drama,219,3.050228310502283
3478,3409,"Bamba, La",1987,Drama,223,3.304932735426009
3479,3410,Ladyhawke,1985,Adventure|Fantasy|Romance,426,3.6901408450704225
3480,3411,Lucas,1986,Drama,128,3.640625
3481,3412,High Fidelity,2000,Comedy,1115,3.9192825112107625
3482,3413,Price of Glory,2000,Drama,2,2.5
3483,3414,The Road to El Dorado,2000,Animation|Children's,138,2.9927536231884058
3484,3415,The Skulls,2000,Thriller,248,2.745967741935484
3485,3416,Autopsy,1975,Horror,1,2.0
3486,3417,Devil Girl From Mars,1954,Sci-Fi,9,3.3333333333333335
3487,3418,"Dorado, El",1967,Western,56,3.767857142857143
3488,3419,The Hideous Sun Demon,1959,Horror|Sci-Fi,14,1.8571428571428572
3489,3420,Hook,1991,Adventure|Fantasy,588,2.9727891156462585
3490,3421,Horror Express,1972,Horror,12,2.8333333333333335
3491,3422,My Chauffeur,1986,Comedy,56,2.9285714285714284
3492,3423,The Son of the Sheik,1926,Adventure,11,3.727272727272727
3493,3424,Torso,1973,Horror,1,1.0
3494,3425,True Grit,1969,Adventure|Western,244,3.721311475409836
3495,3426,Roadside Prophets,1992,Comedy|Drama,9,3.5555555555555554
3496,3427,Madame Sousatzka,1988,Drama,49,3.2857142857142856
3497,3428,Max Dugan Returns,1983,Comedy,76,3.0657894736842106
3498,3429,Midnight Express,1978,Drama,238,4.008403361344538
3499,3430,Misery,1990,Horror,728,3.818681318681319
3500,3431,Mr. Saturday Night,1992,Comedy|Drama,139,2.7482014388489207
3501,3432,Murphy's Romance,1985,Comedy|Romance,220,3.540909090909091
3502,3433,My Life,1993,Drama,68,3.485294117647059
3503,3434,Solaris,1972,Drama|Sci-Fi,127,3.456692913385827
3504,3435,Network,1976,Comedy|Drama,537,3.992551210428305
3505,3436,No Way Out,1987,Thriller,285,3.887719298245614
3506,3437,North Dallas Forty,1979,Comedy|Drama,122,3.401639344262295
3507,3438,The Odd Couple,1968,Comedy,326,4.0184049079754605
3508,3439,The Outlaw Josey Wales,1976,Western,297,4.070707070707071
3509,3440,Black and White,1999,Drama,78,2.8333333333333335
3510,3441,Frequency,2000,Drama|Thriller,657,3.7579908675799087
3511,3442,Ready to Rumble,2000,Comedy,47,2.574468085106383
3512,3443,Return to Me,2000,Drama|Romance,363,3.6666666666666665
3513,3444,Rules of Engagement,2000,Drama|Thriller,331,3.377643504531722
3514,3445,Joe Gould's Secret,2000,Drama,47,3.234042553191489
3515,3446,Me Myself I,2000,Comedy,149,3.120805369127517
3516,3447,"Bell, Book and Candle",1958,Comedy|Romance,168,3.8214285714285716
3517,3448,The Bells,1926,Crime|Drama,2,4.5
3518,3449,The End of Violence,1997,Drama|Thriller,41,3.0
3519,3450,Force 10 from Navarone,1978,Action|War,162,3.3395061728395063
3520,3451,How to Stuff a Wild Bikini,1965,Comedy,26,2.4615384615384617
3521,3452,Mystery Train,1989,Comedy|Crime|Drama,151,3.8211920529801326
3522,3453,Sacco and Vanzetti,1971,Drama,3,4.0
3523,3454,Taffin,1988,Action|Thriller,6,2.8333333333333335
3524,3455,Arthur,1981,Comedy|Romance,406,3.3891625615763545
3525,3456,Bachelor Party,1984,Comedy,290,3.110344827586207
3526,3457,Parenthood,1989,Comedy|Drama,658,3.7507598784194527
3527,3458,Predator,1987,Action|Sci-Fi|Thriller,1051,3.660323501427212
3528,3459,The Prince of Tides,1991,Drama|Romance,267,3.108614232209738
3529,3460,The Postman Always Rings Twice,1981,Crime|Thriller,125,3.48
3530,3461,Smoking/No Smoking,1993,Comedy,1,4.0
3531,3462,All the Vermeers in New York,1990,Comedy|Drama|Romance,20,3.15
3532,3463,Freedom for Us,1931,Comedy,19,3.789473684210526
3533,3464,An Actor's Revenge,1963,Drama,5,3.4
3534,3465,28 Days,2000,Comedy,406,3.041871921182266
3535,3466,American Psycho,2000,Comedy|Horror|Thriller,504,3.2837301587301586
3536,3467,Keeping the Faith,2000,Comedy|Romance,401,3.7306733167082293
3537,3468,Where the Money Is,2000,Comedy|Drama,28,3.25
3538,3469,East is East,1999,Comedy,142,3.683098591549296
3539,3470,The Filth and the Fury,2000,Documentary,32,3.8125
3540,3471,Passion of Mind,1999,Romance|Thriller,22,2.772727272727273
3541,3472,Third World Cop,1999,Action,0,
3542,3473,Coming Apart,1969,Drama,2,3.0
3543,3474,Diner,1982,Comedy|Drama,660,3.9242424242424243
3544,3475,Shakes the Clown,1991,Comedy,76,2.8815789473684212
3545,3476,Cabaret,1972,Musical|War,359,3.8913649025069637
3546,3477,What Ever Happened to Baby Jane?,1962,Drama|Thriller,188,3.75531914893617
3547,3478,Prick Up Your Ears,1987,Drama,65,3.753846153846154
3548,3479,Auntie Mame,1958,Comedy|Drama,231,3.8354978354978355
3549,3480,Guys and Dolls,1955,Musical,204,3.803921568627451
3550,3481,The Hunger,1983,Horror,119,3.4873949579831933
3551,3482,Marathon Man,1976,Thriller,324,3.9166666666666665
3552,3483,Caddyshack,1980,Comedy,726,3.8484848484848486
3553,3484,Gossip,2000,Drama|Thriller,67,2.746268656716418
3554,3485,Love and Basketball,2000,Drama|Romance,92,3.347826086956522
3555,3486,U-571,2000,Action|Thriller,696,3.5474137931034484
3556,3487,The Virgin Suicides,1999,Comedy|Drama,258,3.616279069767442
3557,3488,Jennifer 8,1992,Thriller,83,2.855421686746988
3558,3489,The Law,1958,Drama,0,
3559,3490,Limelight,1952,Drama,24,3.5416666666666665
3560,3491,Phantom Love,1978,Drama,0,
3561,3492,Stacy's Knights,1982,Drama,0,
3562,3493,Committed,2000,Comedy|Drama,21,3.142857142857143
3563,3494,The Crow: Salvation,2000,Action|Horror,10,1.7
3564,3495,The Flintstones in Viva Rock Vegas,2000,Children's|Comedy,103,1.7572815533980584
3565,3496,Where the Heart Is,2000,Comedy|Drama,218,3.261467889908257
3566,3497,The Big Kahuna,2000,Comedy|Drama,258,3.372093023255814
3567,3498,Bossa Nova,1999,Comedy,28,3.357142857142857
3568,3499,Smiling Fish and Goat on Fire,1999,Drama,21,3.4761904761904763
3569,3500,The Idiots,1998,Comedy|Drama,31,3.5483870967741935
3570,3501,The Last September,1999,Drama,8,3.75
3571,3502,Time Code,2000,Drama,97,3.350515463917526
3572,3503,Carnosaur,1993,Horror|Sci-Fi,61,1.7377049180327868
3573,3504,Carnosaur 2,1995,Horror|Sci-Fi,18,1.3888888888888888
3574,3505,Carnosaur 3: Primal Species,1996,Horror|Sci-Fi,14,1.0714285714285714
3575,3506,Defying Gravity,1997,Drama,2,4.0
3576,3507,The Hidden,1987,Action|Horror|Sci-Fi,229,3.668122270742358
3577,3508,Two Moon Juction,1988,Drama,48,2.7083333333333335
3578,3509,Gladiator,2000,Action|Drama,1544,4.102331606217617
3579,3510,I Dreamed of Africa,2000,Drama,49,2.4285714285714284
3580,3511,Up at the Villa,2000,Drama,23,3.0434782608695654
3581,3512,Human Traffic,1999,Drama,11,2.727272727272727
3582,3513,"Jails, Hospitals & Hip-Hop",2000,Drama,0,
3583,3514,Black Tights,1960,Drama,0,
3584,3515,Breathless,1983,Action|Drama|Romance|Thriller,100,2.78
3585,3516,The Great Locomotive Chase,1956,Adventure|War,11,4.090909090909091
3586,3517,The Idolmaker,1980,Drama,26,3.3461538461538463
3587,3518,Inferno,1980,Horror,23,3.1739130434782608
3588,3519,The King of Marvin Gardens,1972,Crime|Drama,44,3.3636363636363638
3589,3520,"Kill, Baby... Kill!",1966,Horror,0,
3590,3521,The Lords of Flatbush,1974,Comedy,71,2.8450704225352115
3591,3522,Mr. Mom,1983,Comedy|Drama,500,3.386
3592,3523,Time Masters,1982,Animation|Sci-Fi,5,3.0
3593,3524,Battlefield Earth,2000,Action|Sci-Fi,262,1.6297709923664123
3594,3525,Center Stage,2000,Drama,154,3.311688311688312
3595,3526,Held Up,2000,Comedy,3,2.6666666666666665
3596,3527,Screwed,2000,Comedy,43,2.6744186046511627
3597,3528,Whipped,2000,Comedy,31,2.6774193548387095
3598,3529,Hamlet,2000,Drama,131,3.427480916030534
3599,3530,Anchors Aweigh,1945,Comedy|Musical,85,3.7411764705882353
3600,3531,Blue Hawaii,1961,Comedy|Musical,98,2.86734693877551
3601,3532,The Castaway Cowboy,1974,Comedy|Western,2,4.0
3602,3533,G. I. Blues,1960,Musical,43,3.0697674418604652
3603,3534,The Gay Deceivers,1969,Comedy,3,3.3333333333333335
3604,3535,Gypsy,1962,Musical,101,3.732673267326733
3605,3536,King Creole,1958,Drama|Musical,40,3.05
3606,3537,On the Town,1949,Musical,141,3.9361702127659575
3607,3538,One Little Indian,1973,Comedy|Drama|Western,1,5.0
3608,3539,Pee-wee's Big Adventure,1985,Comedy,678,3.377581120943953
3609,3540,Regret to Inform,1998,Documentary,4,4.0
3610,3541,Roustabout,1964,Musical,26,2.6153846153846154
3611,3542,Saludos Amigos,1943,Animation|Children's|Comedy,15,3.066666666666667
3612,3543,The Slipper and the Rose,1976,Adventure|Musical|Romance,20,3.65
3613,3544,Things Change,1988,Comedy,76,3.763157894736842
3614,3545,Honeymoon in Vegas,1992,Comedy|Romance,448,3.2455357142857144
3615,3546,Dinosaur,2000,Animation|Children's,286,3.195804195804196
3616,3547,Loser,2000,Comedy|Romance,118,2.4237288135593222
3617,3548,Road Trip,2000,Comedy,336,3.2529761904761907
3618,3549,Small Time Crooks,2000,Comedy,297,3.356902356902357
3619,3550,The Hollywood Knights,1980,Comedy,78,3.269230769230769
3620,3551,The Myth of Fingerprints,1997,Comedy|Drama,41,3.048780487804878
3621,3552,Possession,1981,Drama|Horror,3,1.6666666666666667
3622,3553,The Twelve Chairs,1970,Comedy,68,3.7941176470588234
3623,3554,Mission: Impossible 2,2000,Action|Thriller,1048,3.1860687022900764
3624,3555,Shanghai Noon,2000,Action,644,3.6739130434782608
3625,3556,Better Living Through Circuitry,1999,Documentary,15,3.8
3626,3557,8 1/2 Women,1999,Comedy,37,2.6216216216216215
3627,3558,Carnival of Souls,1962,Horror|Thriller,88,3.4318181818181817
3628,3559,Flying Tigers,1942,Action|Drama|War,87,3.3793103448275863
3629,3560,The Gold Rush,1925,Comedy,219,4.1506849315068495
3630,3561,The House of Exorcism,1974,Horror,0,
3631,3562,It's in the Water,1998,Comedy,2,2.5
3632,3563,Monsieur Verdoux,1947,Comedy,35,3.5142857142857142
3633,3564,On Her Majesty's Secret Service,1969,Action,286,3.472027972027972
3634,3565,Seven Days in May,1964,Thriller,126,4.277777777777778
3635,3566,The Spy Who Loved Me,1977,Action,403,3.6054590570719602
3636,3567,Those Who Love Me Can Take the Train,1998,Drama,7,3.142857142857143
3637,3568,Vagabond,1985,Drama,16,3.875
3638,3569,Moonraker,1979,Action|Romance|Sci-Fi,529,3.2060491493383743
3639,3570,The Man with the Golden Gun,1974,Action,385,3.638961038961039
3640,3571,A King in New York,1957,Comedy|Drama,11,3.5454545454545454
3641,3572,A Woman of Paris,1923,Drama,6,2.1666666666666665
3642,3573,In Old California,1942,Western,11,3.1818181818181817
3643,3574,The Fighting Seabees,1944,Action|Drama|War,80,3.375
3644,3575,Dark Command,1940,Western,14,3.4285714285714284
3645,3576,Cleo From 5 to 7,1962,Drama,12,3.6666666666666665
3646,3577,Big Momma's House,2000,Comedy,150,2.4266666666666667
3647,3578,Running Free,2000,Drama,0,
3648,3579,The Abominable Snowman,1957,Horror|Sci-Fi,8,2.625
3649,3580,American Gigolo,1980,Drama,238,3.1512605042016806
3650,3581,Anguish,1986,Horror,0,
3651,3582,The Blood Spattered Bride,1972,Horror,1,1.0
3652,3583,City of the Living Dead,1980,Horror,5,3.0
3653,3584,The Endless Summer,1966,Documentary,120,3.808333333333333
3654,3585,The Guns of Navarone,1961,Action|Drama|War,395,3.9417721518987343
3655,3586,Blow-Out,1973,Drama,41,3.7560975609756095
3656,3587,Lured,1947,Crime,1,5.0
3657,3588,Pandora and the Flying Dutchman,1951,Drama,6,3.6666666666666665
3658,3589,Quatermass and the Pit,1967,Sci-Fi,54,3.6666666666666665
3659,3590,Quatermass II,1957,Sci-Fi|Thriller,33,3.121212121212121
3660,3591,Puppet Master,1989,Horror|Sci-Fi|Thriller,127,2.8661417322834644
3661,3592,Puppet Master II,1990,Horror|Sci-Fi|Thriller,69,2.246376811594203
3662,3593,Puppet Master III: Toulon's Revenge,1991,Horror|Sci-Fi|Thriller,80,2.1125
3663,3594,Puppet Master 4,1993,Horror|Sci-Fi|Thriller,44,1.8181818181818181
3664,3595,Puppet Master 5: The Final Chapter,1994,Horror|Sci-Fi|Thriller,41,1.7804878048780488
3665,3596,Curse of the Puppet Master,1998,Horror|Sci-Fi|Thriller,23,1.826086956521739
3666,3597,Retro Puppetmaster,1999,Horror|Sci-Fi|Thriller,6,1.6666666666666667
3667,3598,Rent-A-Cop,1988,Action|Comedy,28,1.8928571428571428
3668,3599,Romeo and Juliet,1968,Drama|Romance,289,3.875432525951557
3669,3600,Stay Tuned,1992,Comedy,52,2.4038461538461537
3670,3601,The Story of G.I. Joe,1945,War,17,3.6470588235294117
3671,3602,Blazing Saddles,1974,Comedy|Western,895,4.036871508379888
3672,3603,Benji,1974,Adventure|Children's,126,2.992063492063492
3673,3604,Benji the Hunted,1987,Adventure|Children's,28,2.2142857142857144
3674,3605,For the Love of Benji,1977,Adventure|Children's,37,2.4324324324324325
3675,3606,White Christmas,1954,Musical,212,3.8537735849056602
3676,3607,Eraserhead,1977,Drama|Horror,159,3.389937106918239
3677,3608,Baraka,1992,Documentary,34,3.823529411764706
3678,3609,The Man with the Golden Arm,1955,Drama,71,3.7464788732394365
3679,3610,The Decline of Western Civilization,1981,Documentary,47,4.297872340425532
3680,3611,The Decline of Western Civilization Part II: The Metal Years,1988,Documentary,37,3.8378378378378377
3681,3612,For a Few Dollars More,1965,Western,258,3.945736434108527
3682,3613,Magnum Force,1973,Western,153,3.718954248366013
3683,3614,Blood Simple,1984,Drama|Film-Noir,518,4.249034749034749
3684,3615,The Fabulous Baker Boys,1989,Drama|Romance,292,3.386986301369863
3685,3616,Prizzi's Honor,1985,Comedy|Drama|Romance,439,3.6059225512528474
3686,3617,Flatliners,1990,Thriller,318,3.19811320754717
3687,3618,Light Years,1988,Sci-Fi,2,2.0
3688,3619,Porky's,1981,Comedy,269,2.7360594795539033
3689,3620,Porky's II: The Next Day,1983,Comedy,109,2.1376146788990824
3690,3621,Porky's Revenge,1985,Comedy,97,2.0927835051546393
3691,3622,Private School,1983,Comedy,34,2.7058823529411766
3692,3623,Class of Nuke 'Em High,1986,Comedy|Horror,47,2.1914893617021276
3693,3624,The Toxic Avenger,1985,Comedy|Horror,151,2.6754966887417218
3694,3625,"The Toxic Avenger, Part II",1989,Comedy|Horror,47,1.8297872340425532
3695,3626,The Toxic Avenger Part III: The Last Temptation of Toxie,1989,Comedy|Horror,45,1.7777777777777777
3696,3627,Night of the Creeps,1986,Comedy|Horror|Sci-Fi,50,2.4
3697,3628,Predator 2,1990,Action|Sci-Fi|Thriller,511,2.857142857142857
3698,3629,The Running Man,1987,Action|Adventure|Sci-Fi,585,3.1829059829059827
3699,3630,Starman,1984,Adventure|Drama|Romance|Sci-Fi,703,3.4708392603129443
3700,3631,The Brother from Another Planet,1984,Drama|Sci-Fi,195,3.533333333333333
3701,3632,Alien Nation,1988,Crime|Drama|Sci-Fi,414,3.241545893719807
3702,3633,Mad Max,1979,Action|Sci-Fi,837,3.6714456391875747
3703,3634,Mad Max 2,1981,Action|Sci-Fi,841,3.684898929845422
3704,3635,Mad Max Beyond Thunderdome,1985,Action|Sci-Fi,585,3.152136752136752
3705,3636,Bird on a Wire,1990,Action|Adventure|Romance|Thriller,295,2.613559322033898
3706,3637,Angel Heart,1987,Film-Noir|Mystery|Thriller,361,3.3822714681440442
3707,3638,Nine 1/2 Weeks,1986,Drama,201,3.054726368159204
3708,3639,Firestarter,1984,Horror|Thriller,211,2.981042654028436
3709,3640,Sleepwalkers,1992,Horror,88,2.3636363636363638
3710,3641,Action Jackson,1988,Action|Comedy,149,2.2416107382550337
3711,3642,Sarafina!,1992,Drama,26,3.1153846153846154
3712,3643,Soapdish,1991,Comedy,283,3.2296819787985864
3713,3644,The Long Walk Home,1990,Drama,74,3.77027027027027
3714,3645,Clara's Heart,1988,Drama,55,3.1454545454545455
3715,3646,Burglar,1987,Comedy,66,2.5
3716,3647,Fatal Beauty,1987,Action|Crime,62,2.3870967741935485
3717,3648,Gone in 60 Seconds,2000,Action|Crime,478,2.99581589958159
3718,3649,American Pimp,1999,Documentary,52,3.2884615384615383
3719,3650,Love's Labour's Lost,2000,Comedy|Romance,36,3.0277777777777777
3720,3651,Sunshine,1999,Drama,74,3.7162162162162162
3721,3652,Trixie,1999,Comedy,16,2.625
3722,3653,Live Virgin,1999,Comedy,1,2.0
3723,3654,Hamlet,1990,Drama,218,3.7522935779816513
3724,3655,Coming Home,1978,Drama|War,158,3.6962025316455698
3725,3656,American Pop,1981,Animation|Musical,95,3.042105263157895
3726,3657,Assault on Precinct 13,1976,Action|Thriller,82,3.6097560975609757
3727,3658,Near Dark,1987,Comedy|Horror,122,3.7459016393442623
3728,3659,One False Move,1991,Thriller,118,3.983050847457627
3729,3660,Shaft,1971,Action|Crime,175,3.4057142857142857
3730,3661,The Conversation,1974,Drama|Mystery,338,4.260355029585799
3731,3662,Cutter's Way,1981,Drama|Thriller,33,3.4545454545454546
3732,3663,The Fury,1978,Horror,59,3.0508474576271185
3733,3664,The Paper Chase,1973,Drama,239,3.8284518828451883
3734,3665,Prince of the City,1981,Drama,48,3.5416666666666665
3735,3666,Serpico,1973,Crime|Drama,397,3.974811083123426
3736,3667,The Big Carnival,1951,Drama,27,3.814814814814815
3737,3668,Lonely Are the Brave,1962,Drama|Western,39,3.948717948717949
3738,3669,The Sugarland Express,1974,Drama,61,3.4262295081967213
3739,3670,Trouble in Paradise,1932,Comedy|Romance,30,4.133333333333334
3740,3671,Big Trouble in Little China,1986,Action|Comedy,451,3.401330376940133
3741,3672,Badlands,1973,Crime|Drama,191,4.0680628272251305
3742,3673,The Battleship Potemkin,1925,Drama|War,189,4.026455026455026
3743,3674,Boys and Girls,2000,Comedy|Romance,61,2.6885245901639343
3744,3675,Shaft,2000,Action|Crime,335,3.2059701492537314
3745,3676,Titan A.E.,2000,Adventure|Animation|Sci-Fi,437,3.3844393592677346
3746,3677,Butterfly,2000,Drama|War,58,3.8275862068965516
3747,3678,Jesus' Son,1999,Drama,124,3.782258064516129
3748,3679,The Match,1999,Comedy|Romance,2,3.0
3749,3680,Time Regained,1999,Drama,17,2.764705882352941
3750,3681,Boricua's Bond,2000,Drama,0,
3751,3682,Chicken Run,2000,Animation|Children's|Comedy,1063,3.885230479774224
3752,3683,"Me, Myself and Irene",2000,Comedy,454,3.0330396475770924
3753,3684,The Patriot,2000,Action|Drama|War,962,3.7422037422037424
3754,3685,The Adventures of Rocky and Bullwinkle,2000,Animation|Children's|Comedy,163,2.4846625766871164
3755,3686,The Perfect Storm,2000,Action|Adventure|Thriller,792,3.359848484848485
3756,3687,The Golden Bowl,2000,Drama,21,3.5238095238095237
3757,3688,Asylum,1972,Horror,16,2.6875
3758,3689,Communion,1989,Drama|Sci-Fi|Thriller,91,2.78021978021978
3759,3690,Fun and Fancy Free,1947,Animation|Children's|Musical,28,3.142857142857143
3760,3691,The Kentucky Fried Movie,1977,Comedy,244,3.4754098360655736
3761,3692,"Blood In, Blood Out",1993,Crime|Drama,25,3.04
3762,3693,Daughter of Dr. Jeckyll,1957,Horror,3,1.3333333333333333
3763,3694,F/X,1986,Action|Crime|Thriller,561,3.5775401069518717
3764,3695,F/X 2,1992,Action|Crime|Thriller,200,2.67
3765,3696,The Hot Spot,1990,Drama|Romance,40,2.725
3766,3697,Missing in Action,1984,Action|War,152,2.5065789473684212
3767,3698,Missing in Action 2: The Beginning,1985,Action|War,83,2.0602409638554215
3768,3699,Braddock: Missing in Action III,1988,Action|War,64,2.234375
3769,3700,Thunderbolt and Lightfoot,1974,Action,157,3.375796178343949
3770,3701,Dreamscape,1984,Adventure|Crime|Sci-Fi|Thriller,272,3.422794117647059
3771,3702,The Golden Voyage of Sinbad,1974,Action|Adventure,119,3.4873949579831933
3772,3703,Hatchet For the Honeymoon,1969,Horror,1,1.0
3773,3704,House Party,1990,Comedy,144,2.7777777777777777
3774,3705,House Party 2,1991,Comedy,55,1.9636363636363636
3775,3706,Make Mine Music,1946,Animation|Children's|Musical,20,3.25
3776,3707,Melody Time,1948,Animation|Children's|Musical,18,3.2777777777777777
3777,3708,Nekromantik,1987,Comedy|Horror,9,2.3333333333333335
3778,3709,On Our Merry Way,1948,Comedy|Drama,4,2.75
3779,3710,Project Moon Base,1953,Sci-Fi,0,
3780,3711,Rocketship X-M,1950,Sci-Fi,31,3.2580645161290325
3781,3712,Shaft in Africa,1973,Action|Crime,24,2.6666666666666665
3782,3713,Shaft's Big Score!,1972,Action|Crime,39,2.769230769230769
3783,3714,Croupier,1998,Crime|Drama,183,4.065573770491803
3784,3715,The Kid,2000,Comedy,134,3.3134328358208953
3785,3716,Scary Movie,2000,Comedy|Horror,481,3.002079002079002
3786,3717,But I'm a Cheerleader,1999,Comedy,149,3.3557046979865772
3787,3718,Shower,1999,Comedy,55,3.8545454545454545
3788,3719,Blowup,1966,Drama|Mystery,199,3.7939698492462313
3789,3720,The Pawnbroker,1965,Drama,121,4.181818181818182
3790,3721,Groove,2000,Drama,41,3.341463414634146
3791,3722,Footloose,1984,Drama,325,3.083076923076923
3792,3723,Duel in the Sun,1946,Western,63,3.492063492063492
3793,3724,X-Men,2000,Action|Sci-Fi,1209,3.8246484698097603
3794,3725,Chuck & Buck,2000,Comedy|Drama,91,3.21978021978022
3795,3726,The Five Senses,1999,Drama,55,3.4
3796,3727,The Wisdom of Crocodiles,2000,Romance|Thriller,9,3.4444444444444446
3797,3728,The In Crowd,2000,Thriller,20,2.3
3798,3729,What Lies Beneath,2000,Thriller,385,3.3194805194805195
3799,3730,Pokémon the Movie 2000,2000,Animation|Children's,88,1.5909090909090908
3800,3731,Criminal Lovers,1999,Drama|Romance,2,1.0
3801,3732,Anatomy of a Murder,1959,Drama|Mystery,152,4.269736842105263
3802,3733,Freejack,1992,Action|Sci-Fi,247,2.3927125506072873
3803,3734,Greaser's Palace,1972,Drama,7,3.5714285714285716
3804,3735,H.O.T.S.,1979,Comedy,34,2.588235294117647
3805,3736,Knightriders,1981,Action|Adventure|Drama,22,2.590909090909091
3806,3737,MacKenna's Gold,1969,Western,49,3.204081632653061
3807,3738,Sinbad and the Eye of the Tiger,1977,Action|Adventure,83,3.2650602409638556
3808,3739,Two Women,1961,Drama|War,35,3.9714285714285715
3809,3740,What About Bob?,1991,Comedy,661,3.3827534039334344
3810,3741,White Sands,1992,Drama|Thriller,66,3.1363636363636362
3811,3742,Breaker Morant,1980,Drama|War,291,4.058419243986254
3812,3743,Everything You Always Wanted to Know About Sex,1972,Comedy,236,3.5677966101694913
3813,3744,Interiors,1978,Drama,70,3.1857142857142855
3814,3745,Love and Death,1975,Comedy,181,4.0220994475138125
3816,3746,The Official Story,1985,Drama,32,3.8125
3817,3747,The Other Side of Sunday,1996,Comedy|Drama,15,3.3333333333333335
3818,3748,Pot O' Gold,1941,Comedy|Musical,7,2.4285714285714284
3819,3749,Tampopo,1986,Comedy,199,4.050251256281407
3820,3750,Thomas and the Magic Railroad,2000,Children's,27,1.8888888888888888
3821,3751,Nutty Professor II: The Klumps,2000,Comedy,197,2.6751269035532994
3822,3752,The Girl on the Bridge,1999,Drama|Romance,53,3.69811320754717
3823,3753,Wonderland,1999,Drama,51,3.6862745098039214
3824,3754,Autumn in New York,2000,Drama|Romance,90,2.111111111111111
3825,3755,Coyote Ugly,2000,Drama,163,2.7484662576687118
3826,3756,Hollow Man,2000,Horror|Sci-Fi|Thriller,330,2.5424242424242425
3827,3757,Space Cowboys,2000,Action|Sci-Fi,386,3.3989637305699483
3828,3758,Better Living,1998,Comedy,2,2.5
3829,3759,Mad About Mambo,2000,Comedy|Romance,0,
3830,3760,Psycho Beach Party,2000,Comedy|Horror|Thriller,21,2.9047619047619047
3831,3761,Saving Grace,2000,Comedy,151,3.728476821192053
3832,3762,Black Sabbath,1963,Horror,18,3.3333333333333335
3833,3763,The Brain That Wouldn't Die,1962,Horror|Sci-Fi,44,2.477272727272727
3834,3764,Bronco Billy,1980,Adventure|Drama|Romance,140,2.842857142857143
3835,3765,The Crush,1993,Thriller,142,2.732394366197183
3836,3766,Kelly's Heroes,1970,Action|Comedy|War,292,3.9006849315068495
3837,3767,Phantasm II,1988,Horror,72,2.8472222222222223
3838,3768,Phantasm III: Lord of the Dead,1994,Horror,34,2.6470588235294117
3839,3769,Phantasm IV: Oblivion,1998,Horror,35,2.6
3840,3770,Pumpkinhead,1988,Horror,87,2.5057471264367814
3841,3771,Air America,1990,Action|Comedy,245,2.726530612244898
3842,3772,Make Them Die Slowly,1980,Horror,1,3.0
3843,3773,Sleepaway Camp,1983,Horror,26,2.730769230769231
3844,3774,Steel Magnolias,1989,Drama,329,3.5835866261398177
3845,3775,And God Created Woman,1956,Drama,24,3.4166666666666665
3846,3776,Easy Money,1983,Comedy,110,3.090909090909091
3847,3777,"Ilsa, She Wolf of the SS",1974,Horror,18,3.1666666666666665
3848,3778,Silent Fall,1994,Drama|Thriller,15,3.1333333333333333
3849,3779,The Spiral Staircase,1946,Thriller,33,4.090909090909091
3850,3780,Whatever Happened to Aunt Alice?,1969,Crime|Thriller,13,2.923076923076923
3851,3781,I'm the One That I Want,2000,Comedy,30,4.066666666666666
3852,3782,The Tao of Steve,2000,Comedy,152,3.6907894736842106
3853,3783,The Tic Code,1998,Drama,10,3.3
3854,3784,Aimée & Jaguar,1999,Drama|Romance,17,3.4705882352941178
3855,3785,An Affair of Love,1999,Drama|Romance,27,3.6296296296296298
3856,3786,Autumn Heart,1999,Drama,0,
3857,3787,Bless the Child,2000,Thriller,48,2.6458333333333335
3858,3788,Cecil B. Demented,2000,Comedy,58,3.1206896551724137
3859,3789,The Eyes of Tammy Faye,2000,Documentary,63,3.984126984126984
3860,3790,The Opportunists,1999,Crime,13,3.1538461538461537
3861,3791,The Replacements,2000,Comedy,195,3.0923076923076924
3862,3792,About Adam,2000,Comedy,14,2.7857142857142856
3863,3793,The Cell,2000,Sci-Fi|Thriller,535,3.235514018691589
3864,3794,Godzilla 2000,1999,Action|Adventure|Sci-Fi,118,2.7457627118644066
3865,3795,The Original Kings of Comedy,2000,Comedy|Documentary,126,3.261904761904762
3866,3796,Sunset Strip,2000,Comedy,5,3.4
3867,3797,All the Rage,1999,Drama,10,3.4
3868,3798,The Naked Gun: From the Files of Police Squad!,1988,Comedy,570,3.694736842105263
3869,3799,The Naked Gun 2 1/2: The Smell of Fear,1991,Comedy,340,3.0941176470588236
3870,3800,Our Town,1940,Drama,41,3.902439024390244
3871,3801,Shane,1953,Drama|Western,250,3.808
3872,3802,"Suddenly, Last Summer",1959,Drama,82,3.817073170731707
3873,3803,Cat Ballou,1965,Comedy|Western,230,3.7304347826086954
3874,3804,A Couch in New York,1996,Comedy|Romance,22,2.8636363636363638
3875,3805,The Devil Rides Out,1968,Horror,3,3.0
3876,3806,Jerry & Tom,1998,Drama,3,1.6666666666666667
3877,3807,Supergirl,1984,Action|Adventure|Fantasy,151,2.0397350993377485
3878,3808,X: The Unknown,1956,Sci-Fi,12,2.8333333333333335
3879,3809,The Art of War,2000,Action,113,2.752212389380531
3880,3810,The Ballad of Ramblin' Jack,2000,Documentary,15,3.6
3881,3811,Bittersweet Motel,2000,Documentary,1,5.0
3882,3812,Bring It On,2000,Comedy,178,3.252808988764045
3883,3813,Catfish in Black Bean Sauce,2000,Comedy|Drama,10,2.9
3884,3814,The Crew,2000,Comedy,37,2.4054054054054053
3885,3815,Love & Sex,2000,Comedy|Romance,23,3.1739130434782608
3886,3816,Steal This Movie!,2000,Drama,36,3.0833333333333335
3887,3817,Went to Coney Island on a Mission From God... Be Back by Five,1998,Drama,4,3.0
3888,3818,Skipped Parts,2000,Drama|Romance,1,4.0
3889,3819,Highlander: Endgame,2000,Action|Adventure|Fantasy,109,2.3486238532110093
3890,3820,Back Stage,2000,Documentary,1,3.0
3891,3821,Turn It Up,2000,Crime|Drama,7,1.7142857142857142
3892,3822,Anatomy,2000,Horror,10,2.7
3893,3823,Nurse Betty,2000,Comedy|Thriller,451,3.505543237250554
3894,3824,Solas,1999,Drama,17,3.411764705882353
3895,3825,The Watcher,2000,Crime|Thriller,69,2.420289855072464
3896,3826,The Way of the Gun,2000,Crime|Thriller,139,3.3884892086330933
3897,3827,Almost Famous,2000,Comedy|Drama,793,4.238335435056746
3898,3828,Bait,2000,Action|Comedy,41,2.6341463414634148
3899,3829,Circus,2000,Comedy,1,3.0
3900,3830,Crime and Punishment in Suburbia,2000,Comedy|Drama,30,2.7333333333333334
3901,3831,Duets,2000,Comedy|Drama,86,2.7906976744186047
3902,3832,Goya in Bordeaux,1999,Drama,20,3.1
3903,3833,Urbania,2000,Drama,41,3.5121951219512195
3904,3834,An Uninvited Guest,2000,Drama,0,
3905,3835,The Specials,2000,Comedy,4,3.25
3906,3836,Under Suspicion,2000,Crime,26,3.1538461538461537
3907,3837,The Prince of Central Park,1999,Drama,0,
3908,3838,Urban Legends: Final Cut,2000,Horror,67,2.1044776119402986
3909,3839,Woman on Top,2000,Comedy|Romance,57,2.6842105263157894
3910,3840,Dancer in the Dark,2000,Drama|Musical,167,3.81437125748503
3911,3841,Best in Show,2000,Comedy,524,4.074427480916031
3912,3842,Beautiful,2000,Comedy|Drama,36,2.3055555555555554
3913,3843,Barenaked in America,1999,Documentary,25,3.0
3914,3844,The Broken Hearts Club,2000,Drama,53,3.3962264150943398
3915,3845,Girlfight,2000,Drama,97,3.556701030927835
3916,3846,Remember the Titans,2000,Drama,345,3.953623188405797
3917,3847,Hellraiser,1987,Horror,210,3.1
3918,3848,Hellbound: Hellraiser II,1988,Horror,126,2.8492063492063493
3919,3849,Hellraiser III: Hell on Earth,1992,Horror,75,2.1866666666666665
3920,3850,"Faraway, So Close",1993,Drama|Fantasy,50,3.8
3921,3851,Beach Party,1963,Comedy,42,2.6666666666666665
3922,3852,Bikini Beach,1964,Comedy,29,2.6551724137931036
3923,3853,Return of the Fly,1959,Horror|Sci-Fi,84,2.5952380952380953
3924,3854,Pajama Party,1964,Comedy,20,2.95
3925,3855,Stranger Than Paradise,1984,Comedy,94,3.882978723404255
3926,3856,Voyage to the Bottom of the Sea,1961,Adventure|Sci-Fi,141,3.368794326241135
3927,3857,Fantastic Voyage,1966,Adventure|Sci-Fi,283,3.604240282685512
3928,3858,Abbott and Costello Meet Frankenstein,1948,Comedy|Horror,160,3.425
3929,3859,The Bank Dick,1940,Comedy,117,4.0
3930,3860,The Creature From the Black Lagoon,1954,Horror,174,3.281609195402299
3931,3861,The Giant Gila Monster,1959,Horror|Sci-Fi,20,1.9
3932,3862,The Invisible Man,1933,Horror|Sci-Fi,187,3.6898395721925135
3933,3863,The Killer Shrews,1959,Horror|Sci-Fi,8,2.25
3934,3864,Kronos,1957,Sci-Fi,20,3.15
3935,3865,Kronos,1973,Horror,18,3.1666666666666665
3936,3866,The Phantom of the Opera,1943,Drama|Thriller,93,3.7419354838709675
3937,3867,Runaway,1984,Sci-Fi|Thriller,106,3.0
3938,3868,The Slumber Party Massacre,1982,Horror,22,1.8636363636363635
3939,3869,The Slumber Party Massacre II,1987,Horror,20,1.95
3940,3870,The Slumber Party Massacre III,1990,Horror,13,1.8461538461538463
3941,3871,Sorority House Massacre,1986,Horror,18,1.8888888888888888
3942,3872,Sorority House Massacre II,1990,Horror,25,1.68
3943,3873,Bamboozled,2000,Comedy,85,3.0941176470588236
3944,3874,Bootmen,2000,Comedy|Drama,9,2.111111111111111
3945,3875,Digimon: The Movie,2000,Adventure|Animation|Children's,34,1.4705882352941178
3946,3876,Get Carter,2000,Action|Drama|Thriller,74,2.2567567567567566
3947,3877,Get Carter,1971,Thriller,47,3.5531914893617023
3948,3878,Meet the Parents,2000,Comedy,682,3.6070381231671553
3949,3879,Requiem for a Dream,2000,Drama,240,4.1375
3950,3880,Tigerland,2000,Drama,45,3.6444444444444444
3951,3881,Two Family House,2000,Drama,33,4.0606060606060606
3952,3882,The Contender,2000,Drama|Thriller,309,3.7864077669902914
